Occupation_code,Occupation_title,Level,Employment,Employment_RSE,Employment_per_1000_jobs,Location_quotient,median_hourly_wage,mean_hourly_wage,annual_mean_wage,mean_wage_rse
00-0000,All Occupations,total,"8,605,610",0.00%,1000,1,$18.23 ,$24.98 ,"$51,950 ",0.20%
11-0000,Management Occupations,major,"502,370",0.90%,58.378,0.92,$45.82 ,$52.63 ,"$109,470 ",0.50%
11-1011,Chief Executives,detail,"19,610",2.80%,2.278,1.6,$83.62 ,$103.39 ,"$215,050 ",2.00%
11-1021,General and Operations Managers,detail,"167,050",1.90%,19.412,0.92,$37.82 ,$47.51 ,"$98,820 ",1.40%
11-1031,Legislators,detail,920,8.20%,0.107,0.34,-4,-4,"$68,950 ",5.30%
11-Nov,Advertising and Promotions Managers,detail,970,17.10%,0.113,0.71,$35.96 ,$41.92 ,"$87,190 ",6.70%
21-Nov,Marketing Managers,detail,"12,030",10.90%,1.398,0.71,$61.13 ,$72.48 ,"$150,760 ",6.80%
22-Nov,Sales Managers,detail,"24,200",3.10%,2.812,0.87,$50.04 ,$61.04 ,"$126,960 ",1.30%
Nov-32,Public Relations Managers,detail,"3,020",5.10%,0.351,0.83,$47.69 ,$52.02 ,"$108,210 ",1.80%
Nov-33,Fundraising Managers,detail,710,14.80%,0.082,0.5,$47.26 ,$54.12 ,"$112,580 ",3.40%
12-Nov,Administrative Services Managers,detail,"10,980",5.80%,1.275,0.8,$39.36 ,$47.13 ,"$98,040 ",2.00%
13-Nov,Facilities Managers,detail,"5,090",2.60%,0.592,0.82,$38.00 ,$43.32 ,"$90,100 ",1.10%
21-Nov,Computer and Information Systems Managers,detail,"22,670",2.60%,2.634,0.76,$63.35 ,$70.34 ,"$146,310 ",0.80%
Nov-31,Financial Managers,detail,"34,830",2.30%,4.047,0.84,$60.46 ,$66.29 ,"$137,890 ",1.10%
Nov-51,Industrial Production Managers,detail,"6,170",2.80%,0.717,0.53,$47.78 ,$53.43 ,"$111,140 ",1.50%
Nov-61,Purchasing Managers,detail,"3,010",4.40%,0.35,0.71,$55.83 ,$58.59 ,"$121,870 ",2.00%
Nov-71,"Transportation, Storage, and Distribution Managers",detail,"8,380",4.00%,0.974,0.95,$45.62 ,$49.75 ,"$103,480 ",1.80%
11-Nov,Compensation and Benefits Managers,detail,550,11.90%,0.063,0.58,$47.84 ,$54.82 ,"$114,020 ",4.40%
21-Nov,Human Resources Managers,detail,"7,820",3.30%,0.908,0.77,$49.32 ,$56.98 ,"$118,520 ",2.10%
Nov-31,Training and Development Managers,detail,"1,970",5.20%,0.229,0.9,$47.84 ,$54.89 ,"$114,170 ",2.60%
13-Nov,"Farmers, Ranchers, and Other Agricultural Managers",detail,290,18.30%,0.034,0.91,$36.30 ,$44.56 ,"$92,690 ",6.00%
21-Nov,Construction Managers,detail,"21,540",4.40%,2.503,1.24,$45.44 ,$49.89 ,"$103,770 ",2.20%
Nov-31,"Education and Childcare Administrators, Preschool and Daycare",detail,"3,830",7.30%,0.445,1.11,$22.18 ,$23.04 ,"$47,930 ",3.00%
Nov-32,"Education Administrators, Kindergarten through Secondary",detail,"13,770",1.70%,1.6,0.82,-4,-4,"$88,910 ",1.00%
Nov-33,"Education Administrators, Postsecondary",detail,"13,660",1.90%,1.587,1.43,$45.39 ,$46.05 ,"$95,780 ",0.70%
Nov-39,"Education Administrators, All Other",detail,"1,390",8.60%,0.161,0.46,$34.38 ,$38.38 ,"$79,830 ",3.60%
Nov-41,Architectural and Engineering Managers,detail,"6,570",4.10%,0.763,0.57,$63.35 ,$70.33 ,"$146,290 ",1.30%
Nov-51,Food Service Managers,detail,"17,760",11.50%,2.064,1.38,$28.88 ,$35.82 ,"$74,510 ",10.40%
Nov-71,Gambling Managers,detail,190,15.40%,0.022,0.85,$38.41 ,$42.28 ,"$87,930 ",6.10%
Nov-72,"Entertainment and Recreation Managers, Except Gambling",detail,"2,180",10.20%,0.254,2.01,$29.57 ,$35.52 ,"$73,870 ",3.10%
Nov-81,Lodging Managers,detail,"3,140",6.80%,0.365,1.43,$29.74 ,$38.02 ,"$79,080 ",3.20%
11-Nov,Medical and Health Services Managers,detail,"30,730",2.30%,3.571,1.15,$47.08 ,$51.85 ,"$107,850 ",1.10%
21-Nov,Natural Sciences Managers,detail,"3,310",7.70%,0.385,0.73,$37.71 ,$44.54 ,"$92,650 ",2.80%
Nov-31,Postmasters and Mail Superintendents,detail,330,0.00%,0.038,0.43,$42.92 ,$43.31 ,"$90,070 ",0.00%
Nov-41,"Property, Real Estate, and Community Association Managers",detail,"24,050",4.40%,2.794,1.68,$28.12 ,$32.01 ,"$66,580 ",3.00%
Nov-51,Social and Community Service Managers,detail,"7,750",3.00%,0.9,0.81,$29.81 ,$34.84 ,"$72,460 ",1.40%
Nov-61,Emergency Management Directors,detail,490,4.20%,0.057,0.78,$38.41 ,$43.76 ,"$91,030 ",1.70%
Nov-71,Funeral Home Managers,detail,800,11.20%,0.093,1.03,$30.00 ,$36.65 ,"$76,220 ",3.30%
Nov-79,"Personal Service Managers, All Other",detail,420,20.10%,0.049,0.93,$24.70 ,$30.12 ,"$62,660 ",8.70%
Nov-99,"Managers, All Other",detail,"20,200",2.60%,2.348,0.66,$48.17 ,$54.72 ,"$113,820 ",1.30%
13-0000,Business and Financial Operations Occupations,major,"596,080",0.90%,69.266,1.08,$29.83 ,$35.26 ,"$73,350 ",0.50%
13-1011,"Agents and Business Managers of Artists, Performers, and Athletes",detail,770,17.80%,0.089,1,$40.18 ,$51.41 ,"$106,940 ",6.60%
13-1020,Buyers and Purchasing Agents,broad,"28,460",3.60%,3.307,1.06,$29.18 ,$30.91 ,"$64,300 ",1.10%
13-1031,"Claims Adjusters, Examiners, and Investigators",detail,"26,430",5.70%,3.071,1.56,$29.58 ,$31.45 ,"$65,410 ",1.30%
13-1032,"Insurance Appraisers, Auto Damage",detail,"1,580",13.30%,0.184,2.27,$29.96 ,$31.81 ,"$66,170 ",1.40%
13-1041,Compliance Officers,detail,"25,680",2.20%,2.984,1.26,$29.26 ,$31.63 ,"$65,780 ",0.70%
13-1051,Cost Estimators,detail,"13,030",5.90%,1.514,1.02,$29.11 ,$31.18 ,"$64,860 ",1.80%
13-1071,Human Resources Specialists,detail,"47,900",2.90%,5.566,1.06,$28.75 ,$31.42 ,"$65,350 ",4.10%
13-1075,Labor Relations Specialists,detail,"1,550",9.10%,0.18,0.4,$29.33 ,$31.47 ,"$65,460 ",4.50%
13-1081,Logisticians,detail,"9,380",5.50%,1.09,0.81,$29.82 ,$33.32 ,"$69,310 ",2.00%
13-1082,Project Management Specialists,detail,"49,340",3.20%,5.734,1.09,$38.77 ,$44.01 ,"$91,540 ",1.40%
13-1111,Management Analysts,detail,"58,740",5.30%,6.826,1.25,$37.26 ,$41.63 ,"$86,590 ",2.20%
13-1121,"Meeting, Convention, and Event Planners",detail,"6,480",9.40%,0.753,1.08,$23.15 ,$25.39 ,"$52,810 ",3.10%
13-1131,Fundraisers,detail,"3,810",8.80%,0.443,0.76,$23.89 ,$27.51 ,"$57,210 ",2.20%
13-1141,"Compensation, Benefits, and Job Analysis Specialists",detail,"4,390",8.50%,0.51,0.82,$27.31 ,$28.75 ,"$59,810 ",1.70%
13-1151,Training and Development Specialists,detail,"22,280",4.00%,2.589,1.09,$28.90 ,$29.87 ,"$62,130 ",1.40%
13-1161,Market Research Analysts and Marketing Specialists,detail,"41,210",4.80%,4.788,0.93,$29.31 ,$32.99 ,"$68,620 ",2.00%
13-1199,"Business Operations Specialists, All Other",detail,"68,450",2.60%,7.954,1.09,$24.45 ,$31.35 ,"$65,200 ",1.20%
13-2011,Accountants and Auditors,detail,"79,380",2.30%,9.224,0.99,$30.60 ,$36.69 ,"$76,320 ",0.90%
13-2020,Property Appraisers and Assessors,broad,"4,890",10.10%,0.568,1.37,$27.84 ,$30.51 ,"$63,470 ",4.00%
13-2031,Budget Analysts,detail,"2,820",3.70%,0.328,0.97,$34.57 ,$35.50 ,"$73,840 ",0.90%
13-2041,Credit Analysts,detail,"3,780",7.50%,0.439,0.9,$37.03 ,$39.83 ,"$82,850 ",2.60%
13-2051,Financial and Investment Analysts,detail,"13,160",4.10%,1.529,0.74,$37.26 ,$44.93 ,"$93,450 ",4.60%
13-2052,Personal Financial Advisors,detail,"20,760",6.30%,2.412,1.29,$37.29 ,$50.42 ,"$104,870 ",3.50%
13-2053,Insurance Underwriters,detail,"6,190",8.00%,0.72,0.94,$30.43 ,$35.14 ,"$73,090 ",2.40%
13-2054,Financial Risk Specialists,detail,"3,660",16.90%,0.425,1.1,$37.26 ,$45.13 ,"$93,860 ",4.80%
13-2061,Financial Examiners,detail,"2,580",11.00%,0.3,0.7,$30.60 ,$36.31 ,"$75,520 ",2.40%
13-2071,Credit Counselors,detail,"2,350",29.40%,0.273,1.23,$18.31 ,$21.53 ,"$44,790 ",8.20%
13-2072,Loan Officers,detail,"26,770",3.50%,3.111,1.29,$28.90 ,$35.86 ,"$74,590 ",2.20%
13-2081,"Tax Examiners and Collectors, and Revenue Agents",detail,"3,840",9.20%,0.446,1.2,$18.01 ,$23.52 ,"$48,930 ",1.60%
13-2082,Tax Preparers,detail,"6,880",13.30%,0.8,1.35,$17.51 ,$21.33 ,"$44,370 ",8.10%
13-2099,"Financial Specialists, All Other",detail,"9,530",6.70%,1.108,1.27,$23.21 ,$28.99 ,"$60,300 ",4.40%
15-0000,Computer and Mathematical Occupations,major,"229,040",1.50%,26.615,0.81,$37.68 ,$41.13 ,"$85,540 ",0.80%
15-1211,Computer Systems Analysts,detail,"24,260",4.70%,2.819,0.79,$38.81 ,$44.58 ,"$92,720 ",1.90%
15-1212,Information Security Analysts,detail,"9,360",7.40%,1.088,0.97,$48.41 ,$49.45 ,"$102,850 ",2.60%
15-1221,Computer and Information Research Scientists,detail,"1,630",16.00%,0.19,0.87,$61.04 ,$63.54 ,"$132,170 ",4.10%
15-1231,Computer Network Support Specialists,detail,"10,660",4.90%,1.238,0.99,$29.38 ,$32.57 ,"$67,740 ",1.90%
15-1232,Computer User Support Specialists,detail,"41,780",3.10%,4.855,1.05,$22.83 ,$24.95 ,"$51,900 ",1.10%
15-1241,Computer Network Architects,detail,"6,180",5.80%,0.718,0.6,$49.31 ,$53.64 ,"$111,580 ",1.70%
15-1242,Database Administrators,detail,"4,610",4.10%,0.536,0.88,$45.67 ,$45.19 ,"$93,990 ",2.00%
15-1243,Database Architects,detail,"2,040",8.60%,0.237,0.66,$57.81 ,$55.43 ,"$115,300 ",3.20%
15-1244,Network and Computer Systems Administrators,detail,"20,100",5.00%,2.336,1.04,$37.30 ,$39.34 ,"$81,840 ",1.60%
15-1251,Computer Programmers,detail,"7,110",8.70%,0.826,0.76,$38.19 ,$39.92 ,"$83,040 ",2.60%
15-1252,Software Developers,detail,"59,570",2.80%,6.922,0.71,$48.63 ,$50.58 ,"$105,200 ",1.40%
15-1253,Software Quality Assurance Analysts and Testers,detail,"10,740",5.70%,1.248,0.92,$37.26 ,$38.25 ,"$79,550 ",2.60%
15-1254,Web Developers,detail,"4,330",14.60%,0.503,0.84,$37.03 ,$40.82 ,"$84,900 ",8.60%
15-1255,Web and Digital Interface Designers,detail,"2,950",10.20%,0.343,0.59,$36.11 ,$36.27 ,"$75,450 ",4.60%
15-1299,"Computer Occupations, All Other",detail,"11,180",4.00%,1.299,0.49,$38.36 ,$40.04 ,"$83,280 ",2.40%
15-2011,Actuaries,detail,790,29.90%,0.092,0.56,$62.17 ,$60.87 ,"$126,600 ",3.00%
15-2021,Mathematicians,detail,70,5.90%,0.008,0.67,$41.49 ,$41.47 ,"$86,260 ",1.70%
15-2031,Operations Research Analysts,detail,"5,930",4.90%,0.689,0.98,$30.03 ,$34.02 ,"$70,760 ",2.70%
15-2041,Statisticians,detail,"1,120",15.90%,0.13,0.58,$37.95 ,$39.95 ,"$83,090 ",4.20%
15-2051,Data Scientists,detail,"4,590",11.20%,0.533,0.71,$37.49 ,$43.68 ,"$90,850 ",3.60%
15-2099,"Mathematical Science Occupations, All Other",detail,30,16.30%,0.004,0.14,$22.76 ,$24.22 ,"$50,380 ",4.10%
17-0000,Architecture and Engineering Occupations,major,"112,270",1.40%,13.046,0.75,$37.14 ,$39.91 ,"$83,010 ",0.90%
17-1011,"Architects, Except Landscape and Naval",detail,"5,000",7.80%,0.581,0.82,$36.83 ,$39.12 ,"$81,370 ",5.70%
17-1012,Landscape Architects,detail,"1,170",16.80%,0.136,1.1,$31.14 ,$32.99 ,"$68,630 ",5.40%
17-1021,Cartographers and Photogrammetrists,detail,520,14.50%,0.06,0.67,$29.65 ,$31.36 ,"$65,230 ",5.50%
17-1022,Surveyors,detail,"3,420",6.70%,0.398,1.21,$26.91 ,$29.29 ,"$60,910 ",2.60%
17-2011,Aerospace Engineers,detail,"4,640",10.50%,0.539,1.34,$48.79 ,$51.48 ,"$107,070 ",2.20%
17-2031,Bioengineers and Biomedical Engineers,detail,750,22.50%,0.087,0.71,$36.17 ,$39.36 ,"$81,880 ",4.80%
17-2041,Chemical Engineers,detail,290,9.20%,0.033,0.19,$45.82 ,$47.29 ,"$98,350 ",2.80%
17-2051,Civil Engineers,detail,"15,900",5.90%,1.848,0.86,$38.08 ,$45.22 ,"$94,050 ",2.50%
17-2061,Computer Hardware Engineers,detail,"3,260",10.40%,0.378,0.72,$57.58 ,$55.16 ,"$114,720 ",2.20%
17-2071,Electrical Engineers,detail,"6,810",4.50%,0.791,0.6,$39.33 ,$45.32 ,"$94,270 ",1.30%
17-2072,"Electronics Engineers, Except Computer",detail,"5,360",6.70%,0.623,0.82,$48.07 ,$50.30 ,"$104,630 ",1.20%
17-2081,Environmental Engineers,detail,"1,510",11.80%,0.175,0.58,$38.73 ,$43.05 ,"$89,540 ",3.50%
17-2111,"Health and Safety Engineers, Except Mining Safety Engineers and Inspectors",detail,"1,460",5.30%,0.169,1.04,$37.39 ,$38.87 ,"$80,860 ",2.20%
17-2112,Industrial Engineers,detail,"10,210",4.30%,1.186,0.57,$40.97 ,$44.86 ,"$93,320 ",1.80%
17-2121,Marine Engineers and Naval Architects,detail,760,37.40%,0.089,1.7,$35.94 ,$34.81 ,"$72,400 ",10.20%
17-2131,Materials Engineers,detail,"1,060",27.60%,0.123,0.8,$39.46 ,$44.41 ,"$92,360 ",9.00%
17-2141,Mechanical Engineers,detail,"7,560",4.60%,0.878,0.44,$38.29 ,$43.30 ,"$90,060 ",1.30%
17-2151,"Mining and Geological Engineers, Including Mining Safety Engineers",detail,130,45.50%,0.015,0.29,$39.03 ,$45.33 ,"$94,280 ",14.60%
17-2161,Nuclear Engineers,detail,110,4.20%,0.012,0.14,$50.54 ,$53.57 ,"$111,420 ",0.60%
17-2171,Petroleum Engineers,detail,30,47.70%,0.004,0.03,$62.70 ,$70.88 ,"$147,420 ",10.60%
17-2199,"Engineers, All Other",detail,"9,040",6.30%,1.051,0.97,$47.58 ,$49.99 ,"$103,980 ",5.60%
17-3011,Architectural and Civil Drafters,detail,"6,860",6.50%,0.797,1.11,$23.43 ,$26.84 ,"$55,820 ",1.60%
17-3012,Electrical and Electronics Drafters,detail,770,10.70%,0.09,0.61,$28.95 ,$29.52 ,"$61,400 ",2.10%
17-3013,Mechanical Drafters,detail,"2,320",10.40%,0.27,0.8,$28.81 ,$30.50 ,"$63,430 ",3.50%
17-3019,"Drafters, All Other",detail,870,15.90%,0.101,0.93,$22.84 ,$24.68 ,"$51,330 ",3.70%
17-3021,Aerospace Engineering and Operations Technologists and Technicians,detail,"2,490",9.50%,0.289,3.74,$37.40 ,$37.43 ,"$77,860 ",2.20%
17-3022,Civil Engineering Technologists and Technicians,detail,"3,010",9.70%,0.35,0.77,$23.30 ,$26.21 ,"$54,510 ",3.00%
17-3023,Electrical and Electronic Engineering Technologists and Technicians,detail,"5,950",7.20%,0.691,0.96,$28.95 ,$29.33 ,"$61,010 ",2.00%
17-3024,Electro-Mechanical and Mechatronics Technologists and Technicians,detail,440,18.20%,0.051,0.62,$28.23 ,$27.97 ,"$58,170 ",2.20%
17-3025,Environmental Engineering Technologists and Technicians,detail,610,22.70%,0.071,0.67,$23.25 ,$24.83 ,"$51,640 ",7.00%
17-3026,Industrial Engineering Technologists and Technicians,detail,"1,400",9.60%,0.162,0.37,$27.73 ,$28.12 ,"$58,490 ",5.00%
17-3027,Mechanical Engineering Technologists and Technicians,detail,730,15.00%,0.085,0.3,$28.90 ,$29.53 ,"$61,420 ",5.10%
17-3028,Calibration Technologists and Technicians,detail,450,25.10%,0.052,0.86,$28.42 ,$27.41 ,"$57,020 ",3.90%
17-3029,"Engineering Technologists and Technicians, Except Drafters, All Other",detail,"2,510",8.60%,0.292,0.56,$29.78 ,$31.11 ,"$64,720 ",1.80%
17-3031,Surveying and Mapping Technicians,detail,"4,870",7.10%,0.566,1.42,$18.14 ,$20.52 ,"$42,690 ",1.20%
19-0000,"Life, Physical, and Social Science Occupations",major,"47,300",2.70%,5.497,0.61,$28.48 ,$32.01 ,"$66,580 ",1.10%
19-1011,Animal Scientists,detail,40,49.30%,0.004,0.21,-8,-8,-8,-8
19-1012,Food Scientists and Technologists,detail,230,24.40%,0.027,0.28,$29.83 ,$30.09 ,"$62,590 ",10.80%
19-1013,Soil and Plant Scientists,detail,170,25.20%,0.019,0.17,$38.49 ,$40.42 ,"$84,080 ",6.90%
19-1021,Biochemists and Biophysicists,detail,360,27.80%,0.042,0.17,$38.22 ,$41.34 ,"$85,980 ",5.30%
19-1022,Microbiologists,detail,250,15.40%,0.029,0.21,$29.83 ,$32.87 ,"$68,370 ",6.10%
19-1023,Zoologists and Wildlife Biologists,detail,"1,570",6.20%,0.182,1.61,$22.35 ,$25.52 ,"$53,080 ",2.20%
19-1029,"Biological Scientists, All Other",detail,"3,460",1.70%,0.402,1.2,$25.00 ,$30.13 ,"$62,660 ",4.40%
19-1031,Conservation Scientists,detail,730,6.70%,0.085,0.53,$23.60 ,$28.27 ,"$58,800 ",1.80%
19-1032,Foresters,detail,240,40.20%,0.028,0.42,$28.48 ,$34.36 ,"$71,480 ",12.30%
19-1041,Epidemiologists,detail,250,18.50%,0.029,0.5,$39.48 ,$47.13 ,"$98,030 ",7.20%
19-1042,"Medical Scientists, Except Epidemiologists",detail,-8,-8,-8,-8,$31.78 ,$41.94 ,"$87,230 ",4.40%
19-2012,Physicists,detail,210,8.50%,0.024,0.17,$68.50 ,$78.18 ,"$162,600 ",3.20%
19-2021,Atmospheric and Space Scientists,detail,390,15.90%,0.045,0.74,$47.62 ,$45.83 ,"$95,320 ",2.70%
19-2031,Chemists,detail,"1,980",8.10%,0.23,0.4,$29.86 ,$33.10 ,"$68,840 ",2.50%
19-2032,Materials Scientists,detail,210,32.10%,0.025,0.52,$44.90 ,$44.22 ,"$91,970 ",7.60%
19-2041,"Environmental Scientists and Specialists, Including Health",detail,"5,250",5.60%,0.61,1.12,$23.97 ,$29.78 ,"$61,940 ",4.60%
19-2042,"Geoscientists, Except Hydrologists and Geographers",detail,680,20.00%,0.079,0.47,$38.60 ,$43.19 ,"$89,830 ",7.20%
19-2043,Hydrologists,detail,330,25.60%,0.038,0.84,$28.57 ,$32.80 ,"$68,220 ",15.00%
19-2099,"Physical Scientists, All Other",detail,230,2.20%,0.027,0.19,$50.20 ,$56.71 ,"$117,950 ",1.40%
19-3011,Economists,detail,350,18.60%,0.041,0.37,$39.60 ,$50.23 ,"$104,470 ",6.30%
19-3022,Survey Researchers,detail,490,30.30%,0.057,0.91,$18.72 ,$21.33 ,"$44,370 ",9.40%
19-3033,Clinical and Counseling Psychologists,detail,"2,580",23.80%,0.3,0.73,$33.81 ,$42.18 ,"$87,730 ",5.70%
19-3034,School Psychologists,detail,"2,660",3.10%,0.309,0.76,$36.06 ,$35.05 ,"$72,910 ",1.20%
19-3039,"Psychologists, All Other",detail,800,3.90%,0.092,0.94,$50.35 ,$49.64 ,"$103,240 ",4.90%
19-3051,Urban and Regional Planners,detail,"2,540",4.30%,0.295,1.07,$34.94 ,$35.23 ,"$73,270 ",1.00%
19-3091,Anthropologists and Archeologists,detail,210,26.80%,0.024,0.52,$24.15 ,$27.78 ,"$57,790 ",3.50%
19-3092,Geographers,detail,30,0.00%,0.004,0.34,$40.97 ,$40.53 ,"$84,300 ",0.10%
19-3093,Historians,detail,120,24.90%,0.014,0.69,$29.11 ,$32.84 ,"$68,310 ",2.30%
19-3094,Political Scientists,detail,50,14.40%,0.006,0.14,$40.00 ,$39.53 ,"$82,230 ",8.10%
19-3099,"Social Scientists and Related Workers, All Other",detail,"1,810",14.20%,0.21,0.86,$38.22 ,$40.84 ,"$84,940 ",2.20%
19-4012,Agricultural Technicians,detail,60,26.70%,0.007,0.07,$22.05 ,$19.64 ,"$40,840 ",2.70%
19-4013,Food Science Technicians,detail,260,15.80%,0.03,0.36,$18.80 ,$20.06 ,"$41,710 ",4.80%
19-4021,Biological Technicians,detail,"2,000",9.60%,0.233,0.43,$18.11 ,$20.84 ,"$43,340 ",1.60%
19-4031,Chemical Technicians,detail,"1,470",9.40%,0.17,0.42,$22.68 ,$23.60 ,"$49,080 ",1.60%
19-4042,"Environmental Science and Protection Technicians, Including Health",detail,"3,140",6.00%,0.364,1.51,$14.98 ,$19.55 ,"$40,660 ",3.80%
19-4043,"Geological Technicians, Except Hydrologic Technicians",detail,510,43.10%,0.059,0.91,$17.71 ,$19.52 ,"$40,590 ",7.60%
19-4044,Hydrologic Technicians,detail,190,17.30%,0.022,0.86,$24.75 ,$28.46 ,"$59,200 ",4.60%
19-4061,Social Science Research Assistants,detail,570,24.20%,0.067,0.33,$22.29 ,$25.71 ,"$53,470 ",5.90%
19-4071,Forest and Conservation Technicians,detail,260,9.10%,0.03,0.14,$21.61 ,$22.64 ,"$47,090 ",1.90%
19-4092,Forensic Science Technicians,detail,"1,760",3.50%,0.205,1.69,$24.21 ,$26.77 ,"$55,690 ",0.60%
19-4099,"Life, Physical, and Social Science Technicians, All Other",detail,"1,860",9.20%,0.216,0.49,$22.52 ,$22.65 ,"$47,110 ",3.30%
19-5011,Occupational Health and Safety Specialists,detail,"4,040",5.80%,0.469,0.62,$34.20 ,$34.60 ,"$71,960 ",1.30%
19-5012,Occupational Health and Safety Technicians,detail,510,11.40%,0.059,0.38,$22.58 ,$24.91 ,"$51,810 ",6.50%
21-0000,Community and Social Service Occupations,major,"105,990",1.40%,12.316,0.77,$22.31 ,$23.56 ,"$49,000 ",0.90%
21-1012,"Educational, Guidance, and Career Counselors and Advisors",detail,"15,830",2.50%,1.839,0.87,$23.70 ,$27.22 ,"$56,610 ",0.70%
21-1013,Marriage and Family Therapists,detail,"2,240",13.60%,0.261,0.67,$22.55 ,$22.31 ,"$46,410 ",3.00%
21-1015,Rehabilitation Counselors,detail,"3,550",6.60%,0.413,0.64,$17.48 ,$19.97 ,"$41,540 ",7.50%
21-1018,"Substance Abuse, Behavioral Disorder, and Mental Health Counselors",detail,"13,030",4.00%,1.514,0.69,$22.44 ,$24.04 ,"$50,010 ",1.80%
21-1019,"Counselors, All Other",detail,"1,240",7.80%,0.145,0.69,$17.61 ,$18.45 ,"$38,370 ",1.70%
21-1021,"Child, Family, and School Social Workers",detail,"13,130",3.40%,1.526,0.63,$22.42 ,$23.50 ,"$48,890 ",1.20%
21-1022,Healthcare Social Workers,detail,"9,010",5.10%,1.047,0.85,$29.06 ,$28.09 ,"$58,420 ",2.20%
21-1023,Mental Health and Substance Abuse Social Workers,detail,"4,030",7.40%,0.468,0.58,$18.68 ,$21.22 ,"$44,130 ",2.50%
21-1029,"Social Workers, All Other",detail,"3,860",3.80%,0.448,1.27,$22.72 ,$26.57 ,"$55,270 ",1.00%
21-1091,Health Education Specialists,detail,"4,540",18.30%,0.528,1.33,$28.85 ,$31.18 ,"$64,840 ",6.70%
21-1092,Probation Officers and Correctional Treatment Specialists,detail,"4,630",0.60%,0.538,0.82,$19.39 ,$20.38 ,"$42,390 ",0.10%
21-1093,Social and Human Service Assistants,detail,"20,150",3.00%,2.341,0.83,$17.91 ,$18.85 ,"$39,220 ",0.90%
21-1094,Community Health Workers,detail,"1,620",8.70%,0.188,0.44,$19.12 ,$22.40 ,"$46,600 ",2.70%
21-1099,"Community and Social Service Specialists, All Other",detail,"4,040",4.90%,0.469,0.73,$18.52 ,$21.19 ,"$44,060 ",1.10%
21-2011,Clergy,detail,"2,900",5.10%,0.337,0.94,$23.02 ,$24.58 ,"$51,130 ",2.40%
21-2021,"Directors, Religious Activities and Education",detail,"1,610",13.00%,0.187,1.25,$22.02 ,$23.45 ,"$48,770 ",4.60%
21-2099,"Religious Workers, All Other",detail,570,17.50%,0.067,0.89,$18.25 ,$21.46 ,"$44,650 ",10.40%
23-0000,Legal Occupations,major,"95,950",3.60%,11.15,1.33,$31.68 ,$48.30 ,"$100,460 ",3.50%
23-1011,Lawyers,detail,"54,740",8.00%,6.361,1.32,$48.28 ,$62.21 ,"$129,390 ",4.60%
23-1012,Judicial Law Clerks,detail,-8,-8,-8,-8,$21.72 ,$22.34 ,"$46,470 ",0.20%
23-1021,"Administrative Law Judges, Adjudicators, and Hearing Officers",detail,570,0.20%,0.067,0.68,$47.19 ,$49.09 ,"$102,110 ",0.20%
23-1022,"Arbitrators, Mediators, and Conciliators",detail,-8,-8,-8,-8,$24.07 ,$26.06 ,"$54,200 ",15.70%
23-1023,"Judges, Magistrate Judges, and Magistrates",detail,"1,420",0.20%,0.165,0.84,-8,-8,-8,-8
23-2011,Paralegals and Legal Assistants,detail,"30,000",5.70%,3.486,1.46,$23.47 ,$25.93 ,"$53,940 ",2.10%
23-2093,"Title Examiners, Abstractors, and Searchers",detail,"5,470",12.80%,0.636,1.75,$22.49 ,$23.58 ,"$49,040 ",4.60%
23-2099,"Legal Support Workers, All Other",detail,"1,930",4.80%,0.224,0.69,$24.76 ,$31.38 ,"$65,260 ",2.20%
25-0000,Educational Instruction and Library Occupations,major,"397,860",0.50%,46.233,0.8,$23.52 ,$26.77 ,"$55,680 ",0.50%
25-1011,"Business Teachers, Postsecondary",detail,"2,750",2.30%,0.32,0.57,-4,-4,"$95,060 ",1.10%
25-1021,"Computer Science Teachers, Postsecondary",detail,"6,470",2.70%,0.752,2.82,-4,-4,"$52,240 ",0.80%
25-1022,"Mathematical Science Teachers, Postsecondary",detail,"1,380",3.90%,0.16,0.51,-4,-4,"$76,810 ",1.90%
25-1031,"Architecture Teachers, Postsecondary",detail,110,41.10%,0.013,0.3,-4,-4,"$88,500 ",1.50%
25-1032,"Engineering Teachers, Postsecondary",detail,590,1.10%,0.068,0.27,-4,-4,"$101,240 ",0.70%
25-1041,"Agricultural Sciences Teachers, Postsecondary",detail,50,12.60%,0.005,0.09,-4,-4,"$59,150 ",2.20%
25-1042,"Biological Science Teachers, Postsecondary",detail,980,4.70%,0.114,0.34,-4,-4,"$69,610 ",1.80%
25-1051,"Atmospheric, Earth, Marine, and Space Sciences Teachers, Postsecondary",detail,130,10.20%,0.015,0.21,-4,-4,"$83,250 ",0.50%
25-1052,"Chemistry Teachers, Postsecondary",detail,250,8.70%,0.029,0.21,-4,-4,"$80,710 ",1.20%
25-1053,"Environmental Science Teachers, Postsecondary",detail,40,1.80%,0.005,0.13,-4,-4,"$86,680 ",0.50%
25-1054,"Physics Teachers, Postsecondary",detail,170,2.80%,0.019,0.22,-4,-4,"$72,120 ",1.50%
25-1062,"Area, Ethnic, and Cultural Studies Teachers, Postsecondary",detail,70,5.00%,0.008,0.13,-4,-4,"$65,830 ",1.00%
25-1063,"Economics Teachers, Postsecondary",detail,170,9.70%,0.019,0.23,-4,-4,"$80,700 ",2.60%
25-1065,"Political Science Teachers, Postsecondary",detail,160,2.00%,0.019,0.19,-4,-4,"$82,780 ",0.80%
25-1066,"Psychology Teachers, Postsecondary",detail,580,4.00%,0.068,0.27,-4,-4,"$77,120 ",1.00%
25-1067,"Sociology Teachers, Postsecondary",detail,100,8.80%,0.012,0.13,-4,-4,"$57,690 ",1.40%
25-1069,"Social Sciences Teachers, Postsecondary, All Other",detail,740,3.30%,0.087,0.76,-4,-4,"$77,790 ",0.90%
25-1071,"Health Specialties Teachers, Postsecondary",detail,"5,970",2.80%,0.693,0.51,-4,-4,"$133,510 ",1.10%
25-1072,"Nursing Instructors and Teachers, Postsecondary",detail,"4,380",28.00%,0.509,1.05,-4,-4,"$76,840 ",5.00%
25-1081,"Education Teachers, Postsecondary",detail,840,4.70%,0.098,0.24,-4,-4,"$72,780 ",1.20%
25-1082,"Library Science Teachers, Postsecondary",detail,90,2.50%,0.011,0.34,-4,-4,"$83,050 ",0.60%
25-1111,"Criminal Justice and Law Enforcement Teachers, Postsecondary",detail,380,5.50%,0.044,0.45,-4,-4,"$59,750 ",1.70%
25-1112,"Law Teachers, Postsecondary",detail,560,29.10%,0.065,0.65,-4,-4,"$127,570 ",2.70%
25-1113,"Social Work Teachers, Postsecondary",detail,70,16.70%,0.008,0.09,-4,-4,"$77,420 ",5.80%
25-1121,"Art, Drama, and Music Teachers, Postsecondary",detail,"2,440",5.60%,0.284,0.42,-4,-4,"$75,650 ",1.90%
25-1122,"Communications Teachers, Postsecondary",detail,350,3.70%,0.041,0.21,-4,-4,"$69,630 ",0.90%
25-1123,"English Language and Literature Teachers, Postsecondary",detail,"1,320",3.70%,0.153,0.37,-8,-8,-8,-8
25-1124,"Foreign Language and Literature Teachers, Postsecondary",detail,320,8.00%,0.037,0.27,-4,-4,"$82,280 ",4.50%
25-1125,"History Teachers, Postsecondary",detail,260,6.40%,0.03,0.23,-4,-4,"$53,820 ",2.80%
25-1126,"Philosophy and Religion Teachers, Postsecondary",detail,740,18.60%,0.086,0.58,-4,-4,"$61,220 ",14.90%
25-1193,"Recreation and Fitness Studies Teachers, Postsecondary",detail,120,9.90%,0.014,0.14,-4,-4,"$56,440 ",4.40%
25-1194,"Career/Technical Education Teachers, Postsecondary",detail,"7,710",6.10%,0.896,1.2,$29.20 ,$28.68 ,"$59,660 ",2.00%
25-1199,"Postsecondary Teachers, All Other",detail,"6,130",4.40%,0.712,0.5,-4,-4,"$70,320 ",1.20%
25-2011,"Preschool Teachers, Except Special Education",detail,"25,900",5.00%,3.01,1.08,$13.63 ,$14.37 ,"$29,890 ",1.50%
25-2012,"Kindergarten Teachers, Except Special Education",detail,"8,010",5.20%,0.931,1.09,-4,-4,"$59,040 ",2.20%
25-2021,"Elementary School Teachers, Except Special Education",detail,"63,520",1.70%,7.382,0.78,-4,-4,"$61,510 ",0.50%
25-2022,"Middle School Teachers, Except Special and Career/Technical Education",detail,"32,700",2.30%,3.8,0.9,-4,-4,"$60,280 ",0.80%
25-2023,"Career/Technical Education Teachers, Middle School",detail,470,2.20%,0.055,0.66,-4,-4,"$71,660 ",0.90%
25-2031,"Secondary School Teachers, Except Special and Career/Technical Education",detail,"50,920",2.10%,5.917,0.82,-4,-4,"$64,120 ",0.80%
25-2032,"Career/Technical Education Teachers, Secondary School",detail,"8,330",1.00%,0.968,1.62,-4,-4,"$67,970 ",0.40%
25-2051,"Special Education Teachers, Preschool",detail,"1,530",3.10%,0.178,1.19,-4,-4,"$65,940 ",1.30%
25-2052,"Special Education Teachers, Kindergarten and Elementary School",detail,"3,720",6.30%,0.432,0.33,-4,-4,"$63,720 ",2.20%
25-2057,"Special Education Teachers, Middle School",detail,"1,840",6.20%,0.214,0.38,-4,-4,"$65,150 ",3.00%
25-2058,"Special Education Teachers, Secondary School",detail,"8,400",2.20%,0.977,0.94,-4,-4,"$67,760 ",0.80%
25-2059,"Special Education Teachers, All Other",detail,"4,000",1.00%,0.464,1.72,-4,-4,"$68,860 ",0.50%
25-3011,"Adult Basic Education, Adult Secondary Education, and English as a Second Language Instructors",detail,"1,610",4.20%,0.187,0.69,$29.14 ,$29.13 ,"$60,590 ",1.30%
25-3021,Self-Enrichment Teachers,detail,"9,470",7.20%,1.101,0.71,$17.68 ,$20.07 ,"$41,740 ",4.00%
25-3031,"Substitute Teachers, Short-Term",detail,"11,310",3.30%,1.314,0.49,$14.39 ,$19.65 ,"$40,870 ",8.60%
25-3041,Tutors,detail,"6,870",6.60%,0.798,0.76,$16.97 ,$19.82 ,"$41,220 ",3.10%
25-4011,Archivists,detail,100,11.80%,0.012,0.27,$22.79 ,$23.24 ,"$48,330 ",2.70%
25-4012,Curators,detail,420,11.10%,0.048,0.62,$23.07 ,$24.88 ,"$51,760 ",2.90%
25-4013,Museum Technicians and Conservators,detail,260,10.50%,0.031,0.39,$18.15 ,$21.33 ,"$44,360 ",2.80%
25-4022,Librarians and Media Collections Specialists,detail,"6,260",1.60%,0.728,0.8,$29.16 ,$28.24 ,"$58,740 ",0.50%
25-4031,Library Technicians,detail,"3,660",1.90%,0.426,0.82,$18.06 ,$18.37 ,"$38,210 ",0.50%
25-9021,Farm and Home Management Educators,detail,"3,310",33.10%,0.384,5.1,$17.84 ,$22.06 ,"$45,890 ",7.40%
25-9031,Instructional Coordinators,detail,"10,490",3.10%,1.219,0.93,$29.43 ,$30.41 ,"$63,250 ",1.30%
25-9044,"Teaching Assistants, Postsecondary",detail,"2,560",10.10%,0.297,0.35,-4,-4,"$29,780 ",1.00%
25-9045,"Teaching Assistants, Except Postsecondary",detail,"46,170",1.80%,5.365,0.64,-4,-4,"$29,270 ",0.40%
25-9099,"Educational Instruction and Library Workers, All Other",detail,"2,190",9.00%,0.254,0.23,$21.47 ,$22.86 ,"$47,550 ",3.20%
27-0000,"Arts, Design, Entertainment, Sports, and Media Occupations",major,"104,610",2.00%,12.156,0.94,$23.11 ,$27.46 ,"$57,120 ",1.80%
27-1011,Art Directors,detail,"1,730",15.10%,0.201,0.67,$37.26 ,$39.11 ,"$81,360 ",5.50%
27-1012,Craft Artists,detail,100,31.60%,0.012,0.45,$11.67 ,$15.39 ,"$32,010 ",16.20%
27-1013,"Fine Artists, Including Painters, Sculptors, and Illustrators",detail,400,37.10%,0.047,0.7,$28.76 ,$26.51 ,"$55,150 ",10.80%
27-1014,Special Effects Artists and Animators,detail,"1,110",22.60%,0.129,0.89,$29.93 ,$30.38 ,"$63,190 ",3.50%
27-1019,"Artists and Related Workers, All Other",detail,-8,-8,-8,-8,$22.72 ,$26.74 ,"$55,620 ",16.40%
27-1021,Commercial and Industrial Designers,detail,"1,190",17.80%,0.138,0.7,$25.78 ,$28.01 ,"$58,260 ",7.30%
27-1022,Fashion Designers,detail,460,42.80%,0.053,0.39,$23.76 ,$30.83 ,"$64,130 ",6.50%
27-1023,Floral Designers,detail,"2,110",7.90%,0.245,0.96,$14.34 ,$16.14 ,"$33,580 ",3.30%
27-1024,Graphic Designers,detail,"11,910",6.50%,1.384,0.96,$23.51 ,$25.83 ,"$53,720 ",1.80%
27-1025,Interior Designers,detail,"6,470",10.40%,0.752,1.71,$26.93 ,$29.14 ,"$60,600 ",3.30%
27-1026,Merchandise Displayers and Window Trimmers,detail,"11,240",4.60%,1.306,1.15,$14.46 ,$15.49 ,"$32,210 ",1.10%
27-1027,Set and Exhibit Designers,detail,210,18.60%,0.025,0.51,$23.51 ,$24.90 ,"$51,800 ",9.30%
27-1029,"Designers, All Other",detail,170,24.90%,0.02,0.27,$29.73 ,$31.96 ,"$66,480 ",8.30%
27-2011,Actors,detail,760,15.00%,0.088,0.41,$18.23 ,$22.40 ,-4,8.70%
27-2012,Producers and Directors,detail,"5,970",8.20%,0.694,0.71,$30.28 ,$34.98 ,"$72,760 ",3.20%
27-2021,Athletes and Sports Competitors,detail,"2,010",36.50%,0.234,2.67,-4,-4,"$143,270 ",11.30%
27-2022,Coaches and Scouts,detail,"9,950",5.40%,1.156,0.84,-4,-4,"$48,090 ",3.40%
27-2023,"Umpires, Referees, and Other Sports Officials",detail,560,19.80%,0.065,0.95,-4,-4,"$77,030 ",9.00%
27-2031,Dancers,detail,170,42.90%,0.02,0.72,-8,-8,-8,-8
27-2032,Choreographers,detail,-8,-8,-8,-8,$23.03 ,$24.63 ,"$51,240 ",21.90%
27-2041,Music Directors and Composers,detail,650,18.80%,0.076,1.12,$29.21 ,$33.64 ,"$69,980 ",13.10%
27-2042,Musicians and Singers,detail,"1,370",9.60%,0.159,0.93,$24.16 ,$35.46 ,-4,7.60%
27-2091,"Disc Jockeys, Except Radio",detail,690,39.80%,0.08,2.37,$22.60 ,$24.27 ,-4,21.10%
27-2099,"Entertainers and Performers, Sports and Related Workers, All Other",detail,640,18.20%,0.075,1.27,$14.76 ,$17.80 ,-4,17.00%
27-3011,Broadcast Announcers and Radio Disc Jockeys,detail,"1,030",8.30%,0.12,0.68,$22.45 ,$30.51 ,"$63,450 ",4.00%
27-3023,"News Analysts, Reporters, and Journalists",detail,"2,250",9.10%,0.261,0.94,$28.30 ,$32.67 ,"$67,940 ",4.20%
27-3031,Public Relations Specialists,detail,"17,380",4.00%,2.019,1.17,$24.46 ,$30.57 ,"$63,590 ",4.20%
27-3041,Editors,detail,"2,950",6.40%,0.343,0.54,$24.89 ,$31.69 ,"$65,920 ",3.10%
27-3042,Technical Writers,detail,"2,610",8.80%,0.304,0.9,$31.97 ,$34.82 ,"$72,420 ",2.70%
27-3043,Writers and Authors,detail,"1,470",17.70%,0.171,0.49,$28.76 ,$32.16 ,"$66,880 ",8.40%
27-3091,Interpreters and Translators,detail,"3,230",12.70%,0.375,1.01,$22.43 ,$24.63 ,"$51,230 ",6.10%
27-3092,Court Reporters and Simultaneous Captioners,detail,810,13.80%,0.094,1.08,$18.53 ,$21.39 ,"$44,480 ",6.40%
27-3099,"Media and Communication Workers, All Other",detail,830,38.20%,0.097,0.82,$21.86 ,$22.12 ,"$46,000 ",4.10%
27-4011,Audio and Video Technicians,detail,"3,550",8.60%,0.413,1.15,$22.47 ,$24.05 ,"$50,020 ",3.00%
27-4012,Broadcast Technicians,detail,"1,370",8.00%,0.159,0.88,$22.12 ,$24.13 ,"$50,190 ",4.70%
27-4014,Sound Engineering Technicians,detail,580,18.30%,0.068,0.88,$22.62 ,$24.28 ,"$50,500 ",5.60%
27-4015,Lighting Technicians,detail,370,44.40%,0.043,1.41,$22.74 ,$24.79 ,"$51,560 ",9.50%
27-4021,Photographers,detail,"3,070",5.70%,0.357,1.31,$18.05 ,$20.59 ,"$42,840 ",3.90%
27-4031,"Camera Operators, Television, Video, and Film",detail,970,17.10%,0.112,0.78,$22.97 ,$27.40 ,"$56,990 ",8.20%
27-4032,Film and Video Editors,detail,"1,300",13.30%,0.151,0.76,$23.33 ,$26.59 ,"$55,300 ",6.20%
27-4099,"Media and Communication Equipment Workers, All Other",detail,520,9.60%,0.061,0.51,$37.25 ,$34.80 ,"$72,380 ",5.20%
29-0000,Healthcare Practitioners and Technical Occupations,major,"563,590",0.70%,65.491,1.05,$29.77 ,$39.85 ,"$82,890 ",1.00%
29-1011,Chiropractors,detail,"3,350",7.60%,0.389,1.53,$35.14 ,$38.08 ,"$79,210 ",4.30%
29-1021,"Dentists, General",detail,"8,080",8.70%,0.938,1.22,$63.39 ,$79.02 ,"$164,370 ",5.60%
29-1022,Oral and Maxillofacial Surgeons,detail,320,34.30%,0.038,0.99,-5,-5,-5,3.60%
29-1029,"Dentists, All Other Specialists",detail,310,13.70%,0.036,1.07,$86.95 ,$83.40 ,"$173,470 ",5.80%
29-1031,Dietitians and Nutritionists,detail,"3,520",7.00%,0.409,0.86,$28.99 ,$29.96 ,"$62,320 ",2.50%
29-1041,Optometrists,detail,"2,310",11.70%,0.268,0.97,$47.84 ,$51.54 ,"$107,200 ",5.10%
29-1051,Pharmacists,detail,"19,620",4.10%,2.28,1.03,$61.17 ,$58.64 ,"$121,970 ",0.70%
29-1071,Physician Assistants,detail,"7,210",7.50%,0.838,0.89,$48.88 ,$50.39 ,"$104,810 ",2.40%
29-1081,Podiatrists,detail,670,18.10%,0.077,1.23,$51.44 ,$64.66 ,"$134,500 ",6.90%
29-1122,Occupational Therapists,detail,"6,770",5.20%,0.786,0.87,$39.32 ,$41.65 ,"$86,640 ",1.20%
29-1123,Physical Therapists,detail,"13,220",5.50%,1.536,0.96,$45.89 ,$43.57 ,"$90,630 ",1.80%
29-1124,Radiation Therapists,detail,820,8.50%,0.096,0.84,$37.32 ,$39.69 ,"$82,540 ",3.20%
29-1125,Recreational Therapists,detail,790,9.10%,0.091,0.76,$22.43 ,$24.39 ,"$50,720 ",3.90%
29-1126,Respiratory Therapists,detail,"8,340",4.20%,0.969,1.02,$29.10 ,$29.37 ,"$61,090 ",1.00%
29-1127,Speech-Language Pathologists,detail,"7,300",6.10%,0.848,0.81,$38.40 ,$40.56 ,"$84,360 ",1.50%
29-1128,Exercise Physiologists,detail,400,16.20%,0.047,0.96,$22.77 ,$25.27 ,"$52,570 ",2.20%
29-1129,"Therapists, All Other",detail,340,14.00%,0.04,0.41,$23.11 ,$25.58 ,"$53,200 ",4.60%
29-1131,Veterinarians,detail,"4,790",4.00%,0.557,1.02,$48.56 ,$52.08 ,"$108,320 ",2.20%
29-1141,Registered Nurses,detail,"187,920",1.00%,21.837,1.01,$36.06 ,$34.62 ,"$72,000 ",0.30%
29-1151,Nurse Anesthetists,detail,"3,310",31.00%,0.384,1.23,$79.26 ,$82.19 ,"$170,950 ",3.90%
29-1161,Nurse Midwives,detail,250,40.80%,0.029,0.52,$48.19 ,$43.83 ,"$91,160 ",18.10%
29-1171,Nurse Practitioners,detail,"14,880",5.50%,1.729,1.04,$48.61 ,$50.40 ,"$104,830 ",1.30%
29-1181,Audiologists,detail,700,17.10%,0.081,0.87,$36.06 ,$40.07 ,"$83,340 ",12.40%
29-1211,Anesthesiologists,detail,"1,650",29.50%,0.192,0.87,-5,$174.79 ,"$363,570 ",3.10%
29-1212,Cardiologists,detail,"1,490",25.70%,0.173,1.31,-5,$172.80 ,"$359,420 ",3.00%
29-1213,Dermatologists,detail,440,26.70%,0.051,0.78,$81.27 ,$105.57 ,"$219,580 ",16.30%
29-1214,Emergency Medicine Physicians,detail,"2,490",25.10%,0.289,1.13,-5,$150.76 ,"$313,590 ",4.50%
29-1215,Family Medicine Physicians,detail,"7,160",9.70%,0.832,1.14,-5,$106.26 ,"$221,020 ",4.60%
29-1216,General Internal Medicine Physicians,detail,"3,400",14.80%,0.395,0.96,-5,$108.43 ,"$225,540 ",5.90%
29-1218,Obstetricians and Gynecologists,detail,-8,-8,-8,-8,-5,$120.10 ,"$249,800 ",16.40%
29-1221,"Pediatricians, General",detail,"1,020",38.20%,0.118,0.5,-5,$86.19 ,"$179,270 ",12.60%
29-1222,"Physicians, Pathologists",detail,690,26.60%,0.08,1.02,-5,$120.78 ,"$251,220 ",15.00%
29-1223,Psychiatrists,detail,"2,490",13.90%,0.289,1.6,$85.06 ,$103.86 ,"$216,040 ",9.80%
29-1224,Radiologists,detail,"1,830",39.90%,0.212,1.01,-5,$153.14 ,"$318,530 ",6.10%
29-1229,"Physicians, All Other",detail,"15,480",5.10%,1.798,0.99,-5,$119.56 ,"$248,690 ",1.70%
29-1241,"Ophthalmologists, Except Pediatric",detail,730,25.40%,0.084,1.03,$94.24 ,$115.92 ,"$241,120 ",15.10%
29-1242,"Orthopedic Surgeons, Except Pediatric",detail,"1,610",37.00%,0.188,1.63,$63.65 ,$106.44 ,"$221,400 ",19.00%
29-1249,"Surgeons, All Other",detail,"2,820",38.70%,0.328,1.56,-8,-8,-8,-8
29-1291,Acupuncturists,detail,330,24.80%,0.038,0.75,$18.20 ,$22.55 ,"$46,900 ",12.30%
29-1292,Dental Hygienists,detail,"11,230",8.70%,1.305,0.89,$37.11 ,$35.18 ,"$73,180 ",1.20%
29-1299,"Healthcare Diagnosing or Treating Practitioners, All Other",detail,"1,400",19.40%,0.163,0.88,$35.22 ,$46.36 ,"$96,430 ",11.40%
29-2010,Clinical Laboratory Technologists and Technicians,broad,"23,850",3.10%,2.771,1.22,$23.29 ,$25.14 ,"$52,280 ",0.90%
29-2031,Cardiovascular Technologists and Technicians,detail,"4,920",3.80%,0.571,1.44,$18.54 ,$24.33 ,"$50,600 ",1.20%
29-2032,Diagnostic Medical Sonographers,detail,"5,770",6.40%,0.67,1.2,$36.08 ,$34.27 ,"$71,290 ",1.50%
29-2033,Nuclear Medicine Technologists,detail,"1,610",16.90%,0.187,1.54,$37.32 ,$36.86 ,"$76,670 ",1.50%
29-2034,Radiologic Technologists and Technicians,detail,"13,560",2.70%,1.575,1.03,$29.00 ,$28.64 ,"$59,570 ",0.90%
29-2035,Magnetic Resonance Imaging Technologists,detail,"3,270",6.10%,0.38,1.41,$34.20 ,$32.50 ,"$67,590 ",1.30%
29-2036,Medical Dosimetrists,detail,130,16.60%,0.015,0.89,$61.63 ,$61.72 ,"$128,380 ",1.00%
29-2042,Emergency Medical Technicians,detail,"5,820",6.50%,0.676,0.59,$14.11 ,$15.91 ,"$33,090 ",1.00%
29-2043,Paramedics,detail,"4,970",4.40%,0.578,0.84,$22.24 ,$22.46 ,"$46,710 ",1.60%
29-2051,Dietetic Technicians,detail,"1,020",7.70%,0.119,0.77,$13.63 ,$13.89 ,"$28,880 ",2.30%
29-2052,Pharmacy Technicians,detail,"33,730",2.90%,3.919,1.26,$17.57 ,$17.33 ,"$36,040 ",0.60%
29-2053,Psychiatric Technicians,detail,"11,470",7.70%,1.333,2.01,$17.01 ,$17.76 ,"$36,950 ",2.40%
29-2055,Surgical Technologists,detail,"7,370",11.70%,0.857,1.11,$22.60 ,$23.10 ,"$48,050 ",4.10%
29-2056,Veterinary Technologists and Technicians,detail,"8,580",6.70%,0.997,1.18,$17.56 ,$17.23 ,"$35,840 ",1.30%
29-2057,Ophthalmic Medical Technicians,detail,"4,880",15.70%,0.567,1.22,$18.03 ,$19.79 ,"$41,160 ",2.60%
29-2061,Licensed Practical and Licensed Vocational Nurses,detail,"37,740",2.80%,4.386,0.96,$22.60 ,$23.01 ,"$47,860 ",0.50%
29-2072,Medical Records Specialists,detail,"15,370",4.60%,1.786,1.39,$18.55 ,$21.60 ,"$44,930 ",1.10%
29-2081,"Opticians, Dispensing",detail,"4,010",7.80%,0.466,0.9,$22.04 ,$20.83 ,"$43,330 ",2.40%
29-2091,Orthotists and Prosthetists,detail,520,22.60%,0.06,0.81,$37.05 ,$36.67 ,"$76,280 ",4.50%
29-2092,Hearing Aid Specialists,detail,840,19.00%,0.097,1.27,$19.46 ,$25.39 ,"$52,810 ",7.60%
29-2099,"Health Technologists and Technicians, All Other",detail,"9,050",3.80%,1.051,1.05,$17.77 ,$20.81 ,"$43,290 ",1.70%
29-9021,Health Information Technologists and Medical Registrars,detail,"5,100",10.40%,0.593,2.2,$27.87 ,$28.44 ,"$59,150 ",2.00%
29-9091,Athletic Trainers,detail,780,10.10%,0.091,0.49,-4,-4,"$52,670 ",3.90%
29-9092,Genetic Counselors,detail,110,24.90%,0.012,0.64,-8,-8,-8,-8
29-9093,Surgical Assistants,detail,"3,390",15.60%,0.394,3.22,$23.11 ,$29.10 ,"$60,530 ",3.40%
29-9099,"Healthcare Practitioners and Technical Workers, All Other",detail,-8,-8,-8,-8,$29.17 ,$31.01 ,"$64,500 ",2.90%
31-0000,Healthcare Support Occupations,major,"285,180",1.10%,33.139,0.71,$14.24 ,$15.90 ,"$33,070 ",0.40%
31-1120,Home Health and Personal Care Aides,broad,"66,920",3.80%,7.776,0.33,$11.50 ,$12.69 ,"$26,390 ",0.90%
31-1131,Nursing Assistants,detail,"83,010",2.10%,9.646,1.03,$13.98 ,$14.35 ,"$29,840 ",0.50%
31-1132,Orderlies,detail,"3,410",3.60%,0.396,1.24,$13.67 ,$13.41 ,"$27,890 ",0.80%
31-1133,Psychiatric Aides,detail,"2,050",6.90%,0.239,0.86,$12.86 ,$13.88 ,"$28,860 ",0.70%
31-2011,Occupational Therapy Assistants,detail,"2,550",7.60%,0.297,1,$29.88 ,$31.43 ,"$65,370 ",1.60%
31-2012,Occupational Therapy Aides,detail,110,37.40%,0.012,0.51,$19.02 ,$24.34 ,"$50,630 ",16.00%
31-2021,Physical Therapist Assistants,detail,"6,910",7.70%,0.803,1.21,$29.94 ,$31.22 ,"$64,940 ",1.80%
31-2022,Physical Therapist Aides,detail,880,14.30%,0.102,0.34,$13.97 ,$14.62 ,"$30,410 ",4.80%
31-9011,Massage Therapists,detail,"7,070",7.60%,0.822,1.43,$18.56 ,$21.49 ,"$44,690 ",3.30%
31-9091,Dental Assistants,detail,"21,390",3.60%,2.486,1.01,$18.17 ,$19.63 ,"$40,820 ",1.10%
31-9092,Medical Assistants,detail,"57,210",3.40%,6.648,1.29,$17.65 ,$17.06 ,"$35,480 ",0.70%
31-9093,Medical Equipment Preparers,detail,"2,790",5.20%,0.324,0.75,$17.58 ,$17.58 ,"$36,560 ",1.20%
31-9094,Medical Transcriptionists,detail,"5,850",8.50%,0.68,1.72,$13.89 ,$15.25 ,"$31,710 ",1.20%
31-9095,Pharmacy Aides,detail,"2,810",15.10%,0.327,1.06,$17.48 ,$15.90 ,"$33,070 ",2.90%
31-9096,Veterinary Assistants and Laboratory Animal Caretakers,detail,"6,730",8.50%,0.783,1.11,$13.79 ,$14.42 ,"$29,990 ",1.50%
31-9097,Phlebotomists,detail,"7,840",7.00%,0.911,0.97,$17.48 ,$17.17 ,"$35,710 ",1.20%
31-9099,"Healthcare Support Workers, All Other",detail,"7,650",6.80%,0.889,1.16,$17.69 ,$19.17 ,"$39,870 ",2.10%
33-0000,Protective Service Occupations,major,"255,210",1.90%,29.656,1.23,$18.39 ,$22.56 ,"$46,920 ",1.00%
33-1011,First-Line Supervisors of Correctional Officers,detail,"7,990",0.70%,0.928,2.4,$21.27 ,$25.74 ,"$53,530 ",0.20%
33-1012,First-Line Supervisors of Police and Detectives,detail,"8,890",1.20%,1.033,1.13,$41.76 ,$45.53 ,"$94,710 ",0.50%
33-1021,First-Line Supervisors of Firefighting and Prevention Workers,detail,"7,180",2.70%,0.835,1.45,$37.98 ,$40.23 ,"$83,680 ",0.50%
33-1091,First-Line Supervisors of Security Workers,detail,"4,650",4.10%,0.54,1.37,$19.10 ,$22.51 ,"$46,820 ",1.40%
33-1099,"First-Line Supervisors of Protective Service Workers, All Other",detail,"1,610",3.10%,0.187,1.11,$26.43 ,$26.89 ,"$55,930 ",1.10%
33-2011,Firefighters,detail,"20,420",2.40%,2.373,1.05,$24.37 ,$25.71 ,"$53,480 ",0.90%
33-2021,Fire Inspectors and Investigators,detail,"2,330",1.60%,0.271,2.61,$31.06 ,$31.98 ,"$66,530 ",0.70%
33-2022,Forest Fire Inspectors and Prevention Specialists,detail,470,0.20%,0.054,2.75,$16.58 ,$17.73 ,"$36,880 ",0.10%
33-3011,Bailiffs,detail,830,2.40%,0.096,0.82,$23.94 ,$23.03 ,"$47,910 ",0.90%
33-3012,Correctional Officers and Jailers,detail,"21,890",2.00%,2.544,0.91,$18.56 ,$21.95 ,"$45,650 ",1.40%
33-3021,Detectives and Criminal Investigators,detail,"6,330",1.00%,0.735,0.96,$32.66 ,$39.35 ,"$81,850 ",0.50%
33-3031,Fish and Game Wardens,detail,680,0.10%,0.079,1.66,$12.98 ,$13.00 ,"$27,030 ",0.00%
33-3041,Parking Enforcement Workers,detail,440,4.40%,0.051,0.97,$19.09 ,$21.11 ,"$43,900 ",1.10%
33-3051,Police and Sheriff's Patrol Officers,detail,"45,360",0.80%,5.271,1.12,$29.79 ,$31.88 ,"$66,320 ",0.50%
33-3052,Transit and Railroad Police,detail,130,0.90%,0.015,0.59,$31.16 ,$33.41 ,"$69,500 ",1.20%
33-9011,Animal Control Workers,detail,430,4.70%,0.05,0.61,$18.99 ,$19.32 ,"$40,180 ",1.40%
33-9021,Private Detectives and Investigators,detail,"2,630",10.70%,0.306,1.49,$27.98 ,$28.53 ,"$59,350 ",3.50%
33-9031,Gambling Surveillance Officers and Gambling Investigators,detail,240,37.50%,0.028,0.43,$14.58 ,$15.71 ,"$32,670 ",4.80%
33-9032,Security Guards,detail,"83,240",1.10%,9.673,1.29,$13.86 ,$14.61 ,"$30,400 ",0.70%
33-9091,Crossing Guards and Flaggers,detail,"4,860",7.80%,0.565,0.96,$14.71 ,$14.65 ,"$30,470 ",1.30%
33-9092,"Lifeguards, Ski Patrol, and Other Recreational Protective Service Workers",detail,"20,530",20.40%,2.385,2.94,$11.21 ,$12.63 ,"$26,270 ",7.10%
33-9093,Transportation Security Screeners,detail,"5,690",1.30%,0.661,1.93,$20.66 ,$20.41 ,"$42,440 ",0.50%
33-9094,School Bus Monitors,detail,"3,180",2.10%,0.369,0.94,$11.79 ,$12.49 ,"$25,990 ",0.70%
33-9099,"Protective Service Workers, All Other",detail,"5,240",8.60%,0.609,0.86,$18.14 ,$18.35 ,"$38,170 ",2.70%
35-0000,Food Preparation and Serving Related Occupations,major,"818,970",0.80%,95.167,1.2,$12.00 ,$13.68 ,"$28,450 ",0.60%
35-1011,Chefs and Head Cooks,detail,"11,260",9.60%,1.308,1.42,$24.79 ,$28.29 ,"$58,850 ",4.10%
35-1012,First-Line Supervisors of Food Preparation and Serving Workers,detail,"68,920",3.30%,8.009,1.08,$17.78 ,$19.00 ,"$39,510 ",1.80%
35-2011,"Cooks, Fast Food",detail,"41,040",12.20%,4.769,0.87,$10.79 ,$11.48 ,"$23,870 ",2.10%
35-2012,"Cooks, Institution and Cafeteria",detail,"22,400",2.50%,2.603,0.93,$13.77 ,$13.93 ,"$28,980 ",0.90%
35-2014,"Cooks, Restaurant",detail,"102,950",3.50%,11.963,1.41,$14.27 ,$14.97 ,"$31,130 ",1.20%
35-2015,"Cooks, Short Order",detail,"10,300",23.30%,1.197,1.35,$11.19 ,$12.06 ,"$25,080 ",5.30%
35-2019,"Cooks, All Other",detail,900,26.30%,0.105,0.81,$14.31 ,$15.70 ,"$32,660 ",3.30%
35-2021,Food Preparation Workers,detail,"63,260",6.00%,7.351,1.32,$14.04 ,$13.68 ,"$28,450 ",1.10%
35-3011,Bartenders,detail,"35,890",5.20%,4.171,1.21,$10.46 ,$13.92 ,"$28,950 ",2.00%
35-3023,Fast Food and Counter Workers,detail,"178,960",3.90%,20.795,0.95,$10.66 ,$11.20 ,"$23,290 ",0.80%
35-3031,Waiters and Waitresses,detail,"170,290",2.90%,19.788,1.55,$10.72 ,$13.94 ,"$28,990 ",1.20%
35-3041,"Food Servers, Nonrestaurant",detail,"14,300",4.90%,1.661,0.96,$11.89 ,$12.41 ,"$25,820 ",1.40%
35-9011,Dining Room and Cafeteria Attendants and Bartender Helpers,detail,"29,430",6.40%,3.42,1.43,$10.83 ,$11.80 ,"$24,530 ",1.40%
35-9021,Dishwashers,detail,"34,110",4.30%,3.964,1.48,$11.52 ,$12.10 ,"$25,170 ",0.90%
35-9031,"Hosts and Hostesses, Restaurant, Lounge, and Coffee Shop",detail,"30,560",7.00%,3.552,1.54,$11.01 ,$12.20 ,"$25,370 ",1.60%
35-9099,"Food Preparation and Serving Related Workers, All Other",detail,"4,390",14.50%,0.51,0.86,$14.38 ,$13.79 ,"$28,690 ",4.40%
37-0000,Building and Grounds Cleaning and Maintenance Occupations,major,"297,250",1.10%,34.541,1.18,$13.90 ,$14.55 ,"$30,270 ",0.50%
37-1011,First-Line Supervisors of Housekeeping and Janitorial Workers,detail,"12,240",5.00%,1.422,1.3,$18.09 ,$19.74 ,"$41,060 ",1.20%
37-1012,"First-Line Supervisors of Landscaping, Lawn Service, and Groundskeeping Workers",detail,"9,150",7.40%,1.063,1.29,$22.42 ,$23.81 ,"$49,530 ",2.30%
37-2011,"Janitors and Cleaners, Except Maids and Housekeeping Cleaners",detail,"119,490",1.80%,13.885,0.96,$11.86 ,$13.08 ,"$27,210 ",0.80%
37-2012,Maids and Housekeeping Cleaners,detail,"55,110",3.80%,6.404,1.25,$11.92 ,$12.90 ,"$26,830 ",0.80%
37-2019,"Building Cleaning Workers, All Other",detail,"1,830",28.00%,0.212,1.72,$11.49 ,$13.99 ,"$29,090 ",7.00%
37-2021,Pest Control Workers,detail,"9,850",4.80%,1.144,1.89,$17.67 ,$18.60 ,"$38,680 ",1.80%
37-3011,Landscaping and Groundskeeping Workers,detail,"83,280",2.40%,9.677,1.53,$14.41 ,$15.24 ,"$31,710 ",0.60%
37-3012,"Pesticide Handlers, Sprayers, and Applicators, Vegetation",detail,"3,930",15.10%,0.457,2.49,$17.82 ,$17.84 ,"$37,120 ",2.90%
37-3013,Tree Trimmers and Pruners,detail,"2,050",18.50%,0.239,0.8,$18.47 ,$18.41 ,"$38,300 ",5.90%
37-3019,"Grounds Maintenance Workers, All Other",detail,340,17.80%,0.04,0.35,$14.71 ,$18.18 ,"$37,810 ",4.40%
39-0000,Personal Care and Service Occupations,major,"180,080",3.40%,20.925,1.15,$13.52 ,$15.00 ,"$31,190 ",1.00%
39-1013,First-Line Supervisors of Gambling Services Workers,detail,710,5.10%,0.083,0.6,$23.63 ,$25.96 ,"$53,990 ",4.00%
39-1014,"First-Line Supervisors of Entertainment and Recreation Workers, Except Gambling Services",detail,"6,520",5.70%,0.758,1.6,$19.42 ,$22.47 ,"$46,730 ",2.40%
39-1022,First-Line Supervisors of Personal Service Workers,detail,"5,910",5.80%,0.687,0.96,$18.62 ,$21.77 ,"$45,290 ",2.00%
39-2011,Animal Trainers,detail,"1,760",11.80%,0.204,1.82,$17.23 ,$18.93 ,"$39,380 ",6.60%
39-2021,Animal Caretakers,detail,"14,180",3.80%,1.648,1.03,$11.50 ,$13.18 ,"$27,400 ",1.20%
39-3011,Gambling Dealers,detail,"2,930",11.10%,0.34,0.74,$12.28 ,$17.24 ,"$35,850 ",10.60%
39-3012,Gambling and Sports Book Writers and Runners,detail,70,33.70%,0.009,0.17,$11.71 ,$13.78 ,"$28,660 ",2.90%
39-3019,"Gambling Service Workers, All Other",detail,190,29.70%,0.022,0.29,$13.19 ,$13.49 ,"$28,050 ",10.70%
39-3021,Motion Picture Projectionists,detail,320,18.40%,0.037,3.2,$17.30 ,$17.61 ,"$36,620 ",5.90%
39-3031,"Ushers, Lobby Attendants, and Ticket Takers",detail,"4,350",11.20%,0.506,1.3,$10.69 ,$11.60 ,"$24,130 ",2.10%
39-3091,Amusement and Recreation Attendants,detail,"36,550",14.60%,4.247,2.28,$11.34 ,$11.99 ,"$24,950 ",1.20%
39-3092,Costume Attendants,detail,90,13.40%,0.01,0.44,$18.46 ,$21.93 ,"$45,610 ",4.40%
39-3093,"Locker Room, Coatroom, and Dressing Room Attendants",detail,950,7.30%,0.111,1.61,$13.67 ,$14.13 ,"$29,390 ",1.30%
39-3099,"Entertainment Attendants and Related Workers, All Other",detail,610,41.00%,0.07,2.31,$11.67 ,$12.05 ,"$25,070 ",5.20%
39-4011,Embalmers,detail,350,22.70%,0.041,1.42,$23.06 ,$22.77 ,"$47,370 ",9.10%
39-4012,Crematory Operators,detail,140,24.10%,0.016,1.1,$15.04 ,$16.50 ,"$34,320 ",6.30%
39-4021,Funeral Attendants,detail,"1,780",11.30%,0.206,0.89,$13.71 ,$13.69 ,"$28,470 ",2.50%
39-4031,"Morticians, Undertakers, and Funeral Arrangers",detail,960,13.20%,0.111,0.63,$27.90 ,$27.98 ,"$58,190 ",3.70%
39-5011,Barbers,detail,"1,400",13.60%,0.163,1.78,$13.79 ,$15.03 ,"$31,270 ",5.00%
39-5012,"Hairdressers, Hairstylists, and Cosmetologists",detail,"18,540",7.60%,2.154,1.06,$14.17 ,$16.19 ,"$33,680 ",2.20%
39-5092,Manicurists and Pedicurists,detail,"4,390",6.50%,0.511,0.6,$13.93 ,$15.12 ,"$31,450 ",3.50%
39-5093,Shampooers,detail,"1,120",23.90%,0.131,1.92,$10.91 ,$11.19 ,"$23,270 ",4.40%
39-5094,Skincare Specialists,detail,"4,690",21.30%,0.545,1.52,$18.30 ,$19.75 ,"$41,090 ",3.70%
39-6011,Baggage Porters and Bellhops,detail,"2,720",8.60%,0.316,2.17,$11.10 ,$12.37 ,"$25,740 ",1.50%
39-6012,Concierges,detail,"2,680",6.40%,0.312,1.31,$14.44 ,$15.35 ,"$31,940 ",1.30%
39-7010,Tour and Travel Guides,broad,"1,820",16.20%,0.211,0.96,$14.24 ,$15.79 ,"$32,850 ",5.00%
39-9011,Childcare Workers,detail,"27,740",5.00%,3.223,1.04,$12.80 ,$13.25 ,"$27,560 ",1.00%
39-9031,Exercise Trainers and Group Fitness Instructors,detail,"14,900",5.00%,1.732,1.1,$14.57 ,$18.13 ,"$37,720 ",3.50%
39-9032,Recreation Workers,detail,"16,310",3.30%,1.896,1.01,$13.74 ,$14.44 ,"$30,040 ",0.70%
39-9041,Residential Advisors,detail,"2,230",8.60%,0.26,0.4,$14.78 ,$16.76 ,"$34,860 ",2.20%
39-9099,"Personal Care and Service Workers, All Other",detail,"3,120",25.20%,0.362,0.71,$12.83 ,$14.55 ,"$30,260 ",4.50%
41-0000,Sales and Related Occupations,major,"969,590",0.70%,112.67,1.2,$14.22 ,$20.71 ,"$43,070 ",0.60%
41-1011,First-Line Supervisors of Retail Sales Workers,detail,"78,060",1.70%,9.071,1.12,$18.66 ,$22.40 ,"$46,580 ",0.80%
41-1012,First-Line Supervisors of Non-Retail Sales Workers,detail,"22,620",3.80%,2.628,1.52,$37.69 ,$43.82 ,"$91,150 ",2.20%
41-2011,Cashiers,detail,"203,420",2.30%,23.638,1,$11.04 ,$11.89 ,"$24,740 ",0.50%
41-2012,Gambling Change Persons and Booth Cashiers,detail,"1,220",27.50%,0.142,1.16,$13.39 ,$13.89 ,"$28,900 ",9.50%
41-2021,Counter and Rental Clerks,detail,"24,650",4.10%,2.864,1.09,$14.23 ,$15.68 ,"$32,610 ",1.20%
41-2022,Parts Salespersons,detail,"14,770",6.20%,1.716,0.91,$14.09 ,$16.10 ,"$33,480 ",1.80%
41-2031,Retail Salespersons,detail,"293,350",1.20%,34.089,1.3,$13.46 ,$14.35 ,"$29,850 ",0.70%
41-3011,Advertising Sales Agents,detail,"6,250",13.70%,0.726,1.06,$23.25 ,$26.81 ,"$55,770 ",4.90%
41-3021,Insurance Sales Agents,detail,"36,230",4.10%,4.21,1.4,$23.10 ,$28.19 ,"$58,620 ",2.90%
41-3031,"Securities, Commodities, and Financial Services Sales Agents",detail,"34,530",5.50%,4.013,1.32,$29.11 ,$37.75 ,"$78,520 ",2.70%
41-3041,Travel Agents,detail,"5,960",5.40%,0.693,2.63,$18.24 ,$21.75 ,"$45,240 ",5.10%
41-3091,"Sales Representatives of Services, Except Advertising, Insurance, Financial Services, and Travel",detail,"89,710",3.70%,10.425,1.43,$25.50 ,$31.17 ,"$64,840 ",1.50%
41-4011,"Sales Representatives, Wholesale and Manufacturing, Technical and Scientific Products",detail,"18,890",6.70%,2.196,1.16,$37.42 ,$43.77 ,"$91,040 ",3.20%
41-4012,"Sales Representatives, Wholesale and Manufacturing, Except Technical and Scientific Products",detail,"72,840",2.20%,8.464,0.96,$25.98 ,$32.58 ,"$67,760 ",1.50%
41-9011,Demonstrators and Product Promoters,detail,"2,190",17.60%,0.255,0.88,$14.39 ,$19.52 ,"$40,600 ",8.20%
41-9012,Models,detail,-8,-8,-8,-8,$17.15 ,$15.56 ,"$32,370 ",7.30%
41-9021,Real Estate Brokers,detail,"5,530",27.20%,0.643,1.87,-8,-8,-8,-8
41-9022,Real Estate Sales Agents,detail,"25,030",8.40%,2.909,2.33,$23.06 ,$27.14 ,"$56,460 ",3.60%
41-9031,Sales Engineers,detail,"1,510",12.90%,0.176,0.42,$49.60 ,$51.26 ,"$106,620 ",4.70%
41-9041,Telemarketers,detail,"15,000",11.80%,1.743,2.13,$13.56 ,$14.39 ,"$29,930 ",7.70%
41-9091,"Door-to-Door Sales Workers, News and Street Vendors, and Related Workers",detail,790,23.40%,0.092,1.64,$13.56 ,$12.77 ,"$26,560 ",3.00%
41-9099,"Sales and Related Workers, All Other",detail,"16,880",7.40%,1.962,1.17,$13.63 ,$14.72 ,"$30,630 ",1.20%
43-0000,Office and Administrative Support Occupations,major,"1,247,660",0.80%,144.982,1.12,$17.83 ,$19.31 ,"$40,170 ",0.20%
43-1011,First-Line Supervisors of Office and Administrative Support Workers,detail,"102,620",2.00%,11.924,1.16,$28.90 ,$29.35 ,"$61,050 ",0.70%
43-2011,"Switchboard Operators, Including Answering Service",detail,"2,780",9.40%,0.323,0.95,$13.95 ,$14.70 ,"$30,580 ",2.40%
43-2021,Telephone Operators,detail,70,41.60%,0.008,0.31,$14.41 ,$15.59 ,"$32,430 ",3.10%
43-2099,"Communications Equipment Operators, All Other",detail,120,8.90%,0.014,1.48,$18.21 ,$18.76 ,"$39,010 ",2.90%
43-3011,Bill and Account Collectors,detail,"14,000",5.50%,1.627,1.08,$17.91 ,$18.60 ,"$38,690 ",1.20%
43-3021,Billing and Posting Clerks,detail,"27,190",5.30%,3.16,1.04,$17.92 ,$18.89 ,"$39,290 ",0.70%
43-3031,"Bookkeeping, Accounting, and Auditing Clerks",detail,"92,730",1.90%,10.775,1.01,$18.54 ,$20.41 ,"$42,440 ",0.70%
43-3041,Gambling Cage Workers,detail,360,9.40%,0.042,0.53,$13.86 ,$13.92 ,"$28,960 ",2.70%
43-3051,Payroll and Timekeeping Clerks,detail,"8,380",9.00%,0.974,0.92,$22.42 ,$22.25 ,"$46,280 ",1.50%
43-3061,Procurement Clerks,detail,"3,290",6.10%,0.382,0.87,$18.09 ,$19.36 ,"$40,280 ",1.80%
43-3071,Tellers,detail,"19,240",4.10%,2.236,0.86,$17.77 ,$17.75 ,"$36,920 ",0.90%
43-3099,"Financial Clerks, All Other",detail,"2,210",9.90%,0.257,1.19,$22.42 ,$23.50 ,"$48,870 ",4.80%
43-4011,Brokerage Clerks,detail,"3,030",8.90%,0.352,1.24,$23.28 ,$27.09 ,"$56,340 ",2.80%
43-4021,Correspondence Clerks,detail,100,14.40%,0.012,0.24,$18.14 ,$19.47 ,"$40,500 ",1.90%
43-4031,"Court, Municipal, and License Clerks",detail,"7,360",8.00%,0.855,0.8,$18.15 ,$20.42 ,"$42,480 ",0.80%
43-4041,"Credit Authorizers, Checkers, and Clerks",detail,610,17.10%,0.071,0.6,$18.30 ,$19.49 ,"$40,540 ",3.30%
43-4051,Customer Service Representatives,detail,"251,640",1.80%,29.241,1.48,$17.35 ,$17.42 ,"$36,230 ",0.50%
43-4061,"Eligibility Interviewers, Government Programs",detail,"5,830",2.30%,0.677,0.63,$15.08 ,$17.52 ,"$36,440 ",0.50%
43-4071,File Clerks,detail,"5,730",8.20%,0.665,1.1,$15.91 ,$17.20 ,"$35,780 ",2.70%
43-4081,"Hotel, Motel, and Resort Desk Clerks",detail,"18,310",4.40%,2.128,1.36,$13.71 ,$13.77 ,"$28,640 ",1.70%
43-4111,"Interviewers, Except Eligibility and Loan",detail,"6,930",8.60%,0.805,0.67,$15.81 ,$16.48 ,"$34,270 ",2.40%
43-4121,"Library Assistants, Clerical",detail,"2,160",9.70%,0.25,0.45,$13.78 ,$14.20 ,"$29,530 ",0.80%
43-4131,Loan Interviewers and Clerks,detail,"12,780",6.10%,1.485,0.88,$22.34 ,$21.32 ,"$44,340 ",1.60%
43-4141,New Accounts Clerks,detail,"1,280",10.30%,0.149,0.52,$18.01 ,$19.42 ,"$40,390 ",1.50%
43-4151,Order Clerks,detail,"8,640",8.60%,1.005,1.06,$16.97 ,$16.84 ,"$35,020 ",2.90%
43-4161,"Human Resources Assistants, Except Payroll and Timekeeping",detail,"3,660",4.20%,0.425,0.58,$18.36 ,$19.57 ,"$40,710 ",1.40%
43-4171,Receptionists and Information Clerks,detail,"72,920",2.50%,8.473,1.21,$14.08 ,$14.84 ,"$30,880 ",0.50%
43-4181,Reservation and Transportation Ticket Agents and Travel Clerks,detail,"10,220",5.20%,1.187,1.66,$19.09 ,$21.72 ,"$45,170 ",1.40%
43-4199,"Information and Record Clerks, All Other",detail,"8,420",3.00%,0.979,0.89,$18.13 ,$19.67 ,"$40,900 ",0.80%
43-5011,Cargo and Freight Agents,detail,"9,000",6.80%,1.046,1.72,$22.42 ,$22.67 ,"$47,150 ",3.50%
43-5021,Couriers and Messengers,detail,"3,830",11.60%,0.445,0.92,$14.16 ,$14.64 ,"$30,450 ",1.80%
43-5031,Public Safety Telecommunicators,detail,"5,000",1.80%,0.581,0.84,$18.42 ,$21.84 ,"$45,430 ",0.50%
43-5032,"Dispatchers, Except Police, Fire, and Ambulance",detail,"12,000",6.80%,1.395,1.01,$17.91 ,$19.19 ,"$39,910 ",2.50%
43-5041,"Meter Readers, Utilities",detail,"1,560",12.40%,0.182,1.07,$17.72 ,$20.28 ,"$42,180 ",5.00%
43-5051,Postal Service Clerks,detail,"3,760",0.00%,0.437,0.78,$25.12 ,$25.88 ,"$53,840 ",0.00%
43-5052,Postal Service Mail Carriers,detail,"20,850",0.00%,2.423,1.02,$25.21 ,$26.15 ,"$54,390 ",0.00%
43-5053,"Postal Service Mail Sorters, Processors, and Processing Machine Operators",detail,"6,920",0.00%,0.804,1.01,$22.73 ,$24.29 ,"$50,530 ",0.00%
43-5061,"Production, Planning, and Expediting Clerks",detail,"14,540",3.10%,1.69,0.65,$22.68 ,$23.61 ,"$49,120 ",1.40%
43-5071,"Shipping, Receiving, and Inventory Clerks",detail,"42,970",3.20%,4.993,0.88,$16.97 ,$17.07 ,"$35,510 ",0.70%
43-5111,"Weighers, Measurers, Checkers, and Samplers, Recordkeeping",detail,"3,140",4.40%,0.365,0.94,$17.90 ,$18.11 ,"$37,680 ",0.90%
43-6011,Executive Secretaries and Executive Administrative Assistants,detail,"22,490",11.40%,2.613,0.79,$23.43 ,$25.39 ,"$52,800 ",6.30%
43-6012,Legal Secretaries and Administrative Assistants,detail,"12,470",16.60%,1.45,1.32,$18.38 ,$22.06 ,"$45,890 ",3.60%
43-6013,Medical Secretaries and Administrative Assistants,detail,"55,190",3.30%,6.413,1.38,$17.55 ,$17.21 ,"$35,800 ",0.60%
43-6014,"Secretaries and Administrative Assistants, Except Legal, Medical, and Executive",detail,"113,450",1.90%,13.183,1.02,$17.80 ,$18.24 ,"$37,930 ",0.50%
43-9021,Data Entry Keyers,detail,"11,170",6.30%,1.298,1.24,$14.48 ,$15.94 ,"$33,150 ",1.70%
43-9022,Word Processors and Typists,detail,"1,290",5.80%,0.149,0.5,$15.31 ,$16.68 ,"$34,700 ",1.40%
43-9031,Desktop Publishers,detail,280,38.90%,0.033,0.61,$18.57 ,$22.41 ,"$46,600 ",4.90%
43-9041,Insurance Claims and Policy Processing Clerks,detail,"15,910",7.80%,1.849,1.19,$18.27 ,$20.11 ,"$41,820 ",1.40%
43-9051,"Mail Clerks and Mail Machine Operators, Except Postal Service",detail,"3,190",12.40%,0.371,0.75,$14.26 ,$15.54 ,"$32,330 ",2.40%
43-9061,"Office Clerks, General",detail,"187,590",1.40%,21.798,1.19,$17.48 ,$17.76 ,"$36,950 ",0.40%
43-9071,"Office Machine Operators, Except Computer",detail,"1,180",14.10%,0.138,0.59,$15.81 ,$16.41 ,"$34,130 ",2.10%
43-9081,Proofreaders and Copy Markers,detail,170,25.30%,0.02,0.52,$17.78 ,$17.60 ,"$36,620 ",7.60%
43-9111,Statistical Assistants,detail,420,14.00%,0.049,1.11,$17.91 ,$22.34 ,"$46,470 ",3.40%
43-9199,"Office and Administrative Support Workers, All Other",detail,"6,660",7.50%,0.774,0.74,$18.05 ,$19.79 ,"$41,170 ",4.20%
45-0000,"Farming, Fishing, and Forestry Occupations",major,"16,000",3.80%,1.86,0.58,$13.39 ,$14.88 ,"$30,940 ",1.80%
45-1011,"First-Line Supervisors of Farming, Fishing, and Forestry Workers",detail,"1,180",13.20%,0.137,0.75,$23.87 ,$26.92 ,"$56,000 ",3.00%
45-2011,Agricultural Inspectors,detail,950,7.00%,0.111,1.15,$17.48 ,$18.52 ,"$38,520 ",3.20%
45-2041,"Graders and Sorters, Agricultural Products",detail,980,23.10%,0.113,0.62,$10.90 ,$11.16 ,"$23,200 ",4.90%
45-2091,Agricultural Equipment Operators,detail,"1,610",8.10%,0.187,1.01,$14.13 ,$14.68 ,"$30,540 ",1.10%
45-2092,"Farmworkers and Laborers, Crop, Nursery, and Greenhouse",detail,"9,080",6.80%,1.055,0.54,$11.51 ,$12.66 ,"$26,320 ",2.00%
45-2093,"Farmworkers, Farm, Ranch, and Aquacultural Animals",detail,680,14.50%,0.079,0.33,$14.30 ,$14.99 ,"$31,180 ",3.60%
45-2099,"Agricultural Workers, All Other",detail,330,35.50%,0.038,0.88,$11.13 ,$11.77 ,"$24,490 ",5.70%
45-4011,Forest and Conservation Workers,detail,130,13.50%,0.015,0.34,$19.42 ,$19.28 ,"$40,110 ",1.30%
45-4021,Fallers,detail,100,46.40%,0.011,0.38,$22.62 ,$21.16 ,"$44,010 ",10.40%
45-4022,Logging Equipment Operators,detail,800,5.20%,0.093,0.52,$22.42 ,$21.76 ,"$45,250 ",4.60%
45-4023,Log Graders and Scalers,detail,70,6.60%,0.008,0.35,$18.28 ,$17.64 ,"$36,690 ",0.90%
45-4029,"Logging Workers, All Other",detail,60,21.70%,0.007,0.32,$18.15 ,$22.46 ,"$46,720 ",11.10%
47-0000,Construction and Extraction Occupations,major,"398,060",1.00%,46.256,1.11,$19.17 ,$21.85 ,"$45,450 ",0.50%
47-1011,First-Line Supervisors of Construction Trades and Extraction Workers,detail,"51,270",3.70%,5.958,1.26,$29.70 ,$31.74 ,"$66,010 ",0.90%
47-2011,Boilermakers,detail,-8,-8,-8,-8,$23.18 ,$26.17 ,"$54,430 ",7.60%
47-2021,Brickmasons and Blockmasons,detail,"4,350",9.40%,0.506,1.27,$21.83 ,$20.60 ,"$42,850 ",2.70%
47-2022,Stonemasons,detail,370,34.10%,0.043,0.68,$18.58 ,$21.27 ,"$44,240 ",7.70%
47-2031,Carpenters,detail,"45,040",4.10%,5.233,1.1,$22.00 ,$21.14 ,"$43,980 ",1.10%
47-2042,"Floor Layers, Except Carpet, Wood, and Hard Tiles",detail,-8,-8,-8,-8,$17.69 ,$19.04 ,"$39,610 ",12.80%
47-2043,Floor Sanders and Finishers,detail,370,23.20%,0.043,1.39,$12.70 ,$13.79 ,"$28,680 ",12.00%
47-2044,Tile and Stone Setters,detail,"4,650",11.80%,0.54,1.85,$18.59 ,$20.23 ,"$42,070 ",3.60%
47-2051,Cement Masons and Concrete Finishers,detail,"13,200",9.20%,1.534,1.16,$18.30 ,$19.21 ,"$39,950 ",2.30%
47-2053,Terrazzo Workers and Finishers,detail,190,44.40%,0.021,1.15,$22.33 ,$21.25 ,"$44,190 ",4.60%
47-2061,Construction Laborers,detail,"66,980",3.10%,7.783,1.13,$17.34 ,$17.25 ,"$35,880 ",1.00%
47-2071,"Paving, Surfacing, and Tamping Equipment Operators",detail,"2,330",16.80%,0.271,0.86,$18.38 ,$19.34 ,"$40,230 ",4.10%
47-2072,Pile Driver Operators,detail,240,24.10%,0.028,1.05,$23.04 ,$23.60 ,"$49,090 ",7.80%
47-2073,Operating Engineers and Other Construction Equipment Operators,detail,"20,570",3.30%,2.39,0.83,$18.62 ,$21.27 ,"$44,250 ",1.00%
47-2081,Drywall and Ceiling Tile Installers,detail,"6,600",8.20%,0.767,1.11,$18.65 ,$19.62 ,"$40,800 ",2.80%
47-2111,Electricians,detail,"41,130",4.80%,4.78,1.04,$22.96 ,$23.60 ,"$49,080 ",1.10%
47-2121,Glaziers,detail,"4,880",11.10%,0.567,1.51,$19.01 ,$20.39 ,"$42,420 ",2.40%
47-2131,"Insulation Workers, Floor, Ceiling, and Wall",detail,"2,260",15.70%,0.263,1.22,$17.95 ,$18.47 ,"$38,430 ",1.70%
47-2132,"Insulation Workers, Mechanical",detail,"1,090",21.90%,0.126,0.64,$18.34 ,$20.46 ,"$42,550 ",4.80%
47-2141,"Painters, Construction and Maintenance",detail,"18,850",4.70%,2.19,1.44,$17.98 ,$18.62 ,"$38,740 ",1.90%
47-2142,Paperhangers,detail,170,41.80%,0.019,1.16,$29.05 ,$28.91 ,"$60,120 ",2.10%
47-2151,Pipelayers,detail,"3,570",7.50%,0.415,1.75,$18.38 ,$19.67 ,"$40,910 ",1.10%
47-2152,"Plumbers, Pipefitters, and Steamfitters",detail,"23,800",5.70%,2.766,0.93,$22.94 ,$23.13 ,"$48,120 ",1.20%
47-2161,Plasterers and Stucco Masons,detail,"2,540",15.60%,0.295,1.54,$18.27 ,$18.67 ,"$38,840 ",4.20%
47-2171,Reinforcing Iron and Rebar Workers,detail,680,16.70%,0.079,0.68,$22.33 ,$22.04 ,"$45,840 ",2.80%
47-2181,Roofers,detail,"22,860",5.10%,2.657,2.88,$18.43 ,$19.63 ,"$40,820 ",1.50%
47-2211,Sheet Metal Workers,detail,"7,020",7.50%,0.816,0.94,$22.42 ,$21.68 ,"$45,090 ",1.70%
47-2221,Structural Iron and Steel Workers,detail,"3,710",13.40%,0.431,0.89,$22.98 ,$22.78 ,"$47,380 ",2.30%
47-2231,Solar Photovoltaic Installers,detail,780,27.00%,0.091,0.78,$17.97 ,$18.48 ,"$38,440 ",2.90%
47-3011,"Helpers--Brickmasons, Blockmasons, Stonemasons, and Tile and Marble Setters",detail,"1,400",16.10%,0.163,1.26,$14.79 ,$15.82 ,"$32,910 ",2.20%
47-3012,Helpers--Carpenters,detail,"2,650",15.40%,0.308,1.57,$14.51 ,$15.86 ,"$33,000 ",4.30%
47-3013,Helpers--Electricians,detail,"7,640",6.90%,0.887,1.73,$14.56 ,$15.87 ,"$33,010 ",0.90%
47-3014,"Helpers--Painters, Paperhangers, Plasterers, and Stucco Masons",detail,910,17.10%,0.105,1.66,$14.09 ,$14.09 ,"$29,300 ",3.20%
47-3015,"Helpers--Pipelayers, Plumbers, Pipefitters, and Steamfitters",detail,"5,500",10.70%,0.639,1.96,$14.38 ,$15.76 ,"$32,780 ",1.40%
47-3016,Helpers--Roofers,detail,900,31.40%,0.104,2.15,$17.22 ,$16.31 ,"$33,920 ",5.20%
47-3019,"Helpers, Construction Trades, All Other",detail,"1,980",11.30%,0.231,1.19,$14.89 ,$15.78 ,"$32,820 ",2.30%
47-4011,Construction and Building Inspectors,detail,"9,380",4.50%,1.09,1.3,$29.17 ,$30.12 ,"$62,640 ",2.20%
47-4021,Elevator and Escalator Installers and Repairers,detail,"2,400",11.10%,0.279,1.74,$38.40 ,$38.11 ,"$79,260 ",3.50%
47-4031,Fence Erectors,detail,"1,780",25.20%,0.207,1.19,$17.81 ,$17.73 ,"$36,890 ",3.30%
47-4041,Hazardous Materials Removal Workers,detail,"3,050",25.10%,0.355,1.13,$18.03 ,$19.12 ,"$39,770 ",3.50%
47-4051,Highway Maintenance Workers,detail,"1,130",10.10%,0.131,0.13,$17.76 ,$17.50 ,"$36,390 ",2.80%
47-4061,Rail-Track Laying and Maintenance Equipment Operators,detail,620,7.00%,0.073,0.49,$23.28 ,$23.92 ,"$49,740 ",1.90%
47-4071,Septic Tank Servicers and Sewer Pipe Cleaners,detail,"1,360",13.20%,0.158,0.78,$17.83 ,$18.84 ,"$39,190 ",3.20%
47-4090,Miscellaneous Construction and Related Workers,broad,"2,540",17.90%,0.296,1.35,$18.03 ,$19.51 ,"$40,580 ",4.30%
47-5012,"Rotary Drill Operators, Oil and Gas",detail,-8,-8,-8,-8,$22.45 ,$21.65 ,"$45,020 ",4.40%
47-5013,"Service Unit Operators, Oil and Gas",detail,50,17.10%,0.006,0.03,$17.80 ,$19.92 ,"$41,430 ",2.70%
47-5022,"Excavating and Loading Machine and Dragline Operators, Surface Mining",detail,"1,890",13.90%,0.22,0.87,$20.98 ,$21.91 ,"$45,570 ",5.10%
47-5023,"Earth Drillers, Except Oil and Gas",detail,790,15.60%,0.092,0.82,$22.12 ,$21.78 ,"$45,310 ",4.00%
47-5032,"Explosives Workers, Ordnance Handling Experts, and Blasters",detail,250,48.60%,0.029,0.75,$29.77 ,$30.69 ,"$63,830 ",7.60%
47-5041,Continuous Mining Machine Operators,detail,250,22.00%,0.028,0.27,$18.09 ,$19.85 ,"$41,280 ",6.00%
47-5044,"Loading and Moving Machine Operators, Underground Mining",detail,70,28.00%,0.008,0.24,$18.20 ,$19.61 ,"$40,800 ",4.80%
47-5049,"Underground Mining Machine Operators, All Other",detail,60,9.50%,0.007,0.32,-8,-8,-8,-8
47-5051,"Rock Splitters, Quarry",detail,70,33.20%,0.008,0.24,$18.03 ,$18.00 ,"$37,430 ",2.00%
47-5081,Helpers--Extraction Workers,detail,130,16.30%,0.015,0.35,$14.32 ,$15.57 ,"$32,380 ",2.80%
47-5099,"Extraction Workers, All Other",detail,80,41.70%,0.01,0.26,$22.42 ,$23.10 ,"$48,050 ",8.30%
49-0000,"Installation, Maintenance, and Repair Occupations",major,"375,640",1.00%,43.65,1.1,$22.13 ,$22.67 ,"$47,150 ",0.40%
49-1011,"First-Line Supervisors of Mechanics, Installers, and Repairers",detail,"34,300",2.50%,3.985,1.07,$29.23 ,$31.26 ,"$65,030 ",0.70%
49-2011,"Computer, Automated Teller, and Office Machine Repairers",detail,"5,550",14.50%,0.644,1.05,$17.53 ,$17.49 ,"$36,390 ",7.90%
49-2021,"Radio, Cellular, and Tower Equipment Installers and Repairers",detail,410,25.00%,0.047,0.49,$29.17 ,$29.60 ,"$61,570 ",4.20%
49-2022,"Telecommunications Equipment Installers and Repairers, Except Line Installers",detail,"15,220",7.50%,1.768,1.44,$23.54 ,$25.27 ,"$52,570 ",2.20%
49-2091,Avionics Technicians,detail,"2,020",10.70%,0.234,1.74,$29.01 ,$28.44 ,"$59,160 ",3.00%
49-2092,"Electric Motor, Power Tool, and Related Repairers",detail,"1,240",18.00%,0.144,1.28,$21.87 ,$21.20 ,"$44,100 ",4.10%
49-2093,"Electrical and Electronics Installers and Repairers, Transportation Equipment",detail,390,19.40%,0.046,0.6,$28.94 ,$29.36 ,"$61,060 ",9.00%
49-2094,"Electrical and Electronics Repairers, Commercial and Industrial Equipment",detail,"2,730",9.50%,0.317,0.88,$27.23 ,$26.91 ,"$55,970 ",2.80%
49-2095,"Electrical and Electronics Repairers, Powerhouse, Substation, and Relay",detail,580,19.80%,0.068,0.42,$23.21 ,$28.47 ,"$59,210 ",8.90%
49-2096,"Electronic Equipment Installers and Repairers, Motor Vehicles",detail,630,30.80%,0.073,1.14,$18.29 ,$20.31 ,"$42,250 ",5.90%
49-2097,Audiovisual Equipment Installers and Repairers,detail,"1,480",16.00%,0.173,1.13,$22.66 ,$22.51 ,"$46,820 ",4.40%
49-2098,Security and Fire Alarm Systems Installers,detail,"6,800",7.00%,0.791,1.44,$22.69 ,$22.90 ,"$47,630 ",1.70%
49-3011,Aircraft Mechanics and Service Technicians,detail,"13,090",3.90%,1.521,1.71,$29.58 ,$31.28 ,"$65,050 ",1.40%
49-3021,Automotive Body and Related Repairers,detail,"9,020",5.80%,1.049,1.08,$22.42 ,$23.48 ,"$48,850 ",2.50%
49-3022,Automotive Glass Installers and Repairers,detail,770,16.10%,0.089,0.77,$18.21 ,$18.77 ,"$39,030 ",8.60%
49-3023,Automotive Service Technicians and Mechanics,detail,"45,010",3.60%,5.231,1.17,$20.17 ,$21.79 ,"$45,330 ",1.40%
49-3031,Bus and Truck Mechanics and Diesel Engine Specialists,detail,"11,860",5.30%,1.379,0.74,$23.24 ,$25.08 ,"$52,160 ",0.90%
49-3041,Farm Equipment Mechanics and Service Technicians,detail,910,9.40%,0.106,0.43,$18.65 ,$22.11 ,"$45,990 ",7.80%
49-3042,"Mobile Heavy Equipment Mechanics, Except Engines",detail,"6,420",6.50%,0.746,0.72,$23.21 ,$24.11 ,"$50,150 ",1.70%
49-3043,Rail Car Repairers,detail,640,4.40%,0.074,0.46,$28.73 ,$27.09 ,"$56,350 ",1.00%
49-3051,Motorboat Mechanics and Service Technicians,detail,"3,820",8.20%,0.444,2.71,$22.78 ,$24.19 ,"$50,300 ",3.00%
49-3052,Motorcycle Mechanics,detail,920,14.10%,0.107,1,$18.05 ,$19.83 ,"$41,240 ",4.00%
49-3053,Outdoor Power Equipment and Other Small Engine Mechanics,detail,"2,710",7.00%,0.315,1.28,$17.97 ,$18.48 ,"$38,430 ",1.50%
49-3091,Bicycle Repairers,detail,700,18.40%,0.082,0.78,$17.26 ,$16.13 ,"$33,550 ",3.90%
49-3092,Recreational Vehicle Service Technicians,detail,"1,420",13.90%,0.165,1.45,$20.09 ,$20.98 ,"$43,630 ",3.00%
49-3093,Tire Repairers and Changers,detail,"5,560",10.80%,0.647,0.98,$13.68 ,$14.20 ,"$29,530 ",1.80%
49-9011,Mechanical Door Repairers,detail,"1,390",18.10%,0.162,0.98,$18.71 ,$19.72 ,"$41,020 ",2.60%
49-9012,"Control and Valve Installers and Repairers, Except Mechanical Door",detail,"1,350",9.20%,0.157,0.49,$23.21 ,$25.03 ,"$52,060 ",2.70%
49-9021,"Heating, Air Conditioning, and Refrigeration Mechanics and Installers",detail,"30,480",5.10%,3.542,1.4,$22.57 ,$22.52 ,"$46,850 ",1.30%
49-9031,Home Appliance Repairers,detail,"3,290",18.00%,0.382,1.91,$19.00 ,$20.08 ,"$41,760 ",3.90%
49-9041,Industrial Machinery Mechanics,detail,"12,180",5.20%,1.415,0.53,$23.63 ,$26.07 ,"$54,220 ",1.20%
49-9043,"Maintenance Workers, Machinery",detail,"1,050",13.40%,0.122,0.3,$18.67 ,$21.38 ,"$44,460 ",4.20%
49-9044,Millwrights,detail,"1,770",18.20%,0.205,0.74,$22.28 ,$21.74 ,"$45,230 ",2.20%
49-9051,Electrical Power-Line Installers and Repairers,detail,"7,470",8.80%,0.868,0.99,$30.22 ,$31.92 ,"$66,400 ",1.90%
49-9052,Telecommunications Line Installers and Repairers,detail,"5,860",7.60%,0.681,0.94,$22.50 ,$22.57 ,"$46,950 ",1.80%
49-9061,Camera and Photographic Equipment Repairers,detail,130,17.40%,0.016,0.93,$11.42 ,$16.79 ,"$34,910 ",8.50%
49-9062,Medical Equipment Repairers,detail,"4,440",11.60%,0.516,1.36,$22.66 ,$24.55 ,"$51,070 ",3.50%
49-9063,Musical Instrument Repairers and Tuners,detail,300,17.30%,0.034,0.85,$17.22 ,$17.03 ,"$35,410 ",3.20%
49-9064,Watch and Clock Repairers,detail,-8,-8,-8,-8,$14.08 ,$14.14 ,"$29,400 ",11.60%
49-9069,"Precision Instrument and Equipment Repairers, All Other",detail,240,17.60%,0.028,0.35,$24.61 ,$25.72 ,"$53,500 ",5.00%
49-9071,"Maintenance and Repair Workers, General",detail,"100,480",1.90%,11.677,1.16,$17.93 ,$19.07 ,"$39,670 ",0.60%
49-9081,Wind Turbine Service Technicians,detail,-8,-8,-8,-8,$24.12 ,$25.36 ,"$52,760 ",3.40%
49-9091,"Coin, Vending, and Amusement Machine Servicers and Repairers",detail,"1,960",21.60%,0.228,1.17,$22.35 ,$20.79 ,"$43,240 ",5.80%
49-9092,Commercial Divers,detail,490,37.00%,0.057,3.01,$22.68 ,$23.05 ,"$47,940 ",4.30%
49-9094,Locksmiths and Safe Repairers,detail,"1,470",10.40%,0.171,1.57,$18.00 ,$19.20 ,"$39,930 ",3.20%
49-9095,Manufactured Building and Mobile Home Installers,detail,-8,-8,-8,-8,$14.35 ,$14.86 ,"$30,900 ",10.80%
49-9096,Riggers,detail,880,10.70%,0.103,0.8,$22.66 ,$24.74 ,"$51,460 ",6.90%
49-9097,Signal and Track Switch Repairers,detail,430,22.00%,0.05,0.87,$29.38 ,$28.08 ,"$58,410 ",2.60%
49-9098,"Helpers--Installation, Maintenance, and Repair Workers",detail,"6,920",8.90%,0.804,1.28,$14.84 ,$15.94 ,"$33,160 ",1.50%
49-9099,"Installation, Maintenance, and Repair Workers, All Other",detail,"18,240",8.90%,2.12,1.82,$17.69 ,$18.59 ,"$38,670 ",1.50%
51-0000,Production Occupations,major,"286,060",1.00%,33.241,0.56,$17.48 ,$18.70 ,"$38,900 ",0.40%
51-1011,First-Line Supervisors of Production and Operating Workers,detail,"23,400",1.90%,2.719,0.61,$28.82 ,$29.79 ,"$61,970 ",0.70%
51-2011,"Aircraft Structure, Surfaces, Rigging, and Systems Assemblers",detail,"2,200",19.80%,0.255,1.08,$18.30 ,$20.44 ,"$42,520 ",3.30%
51-2021,"Coil Winders, Tapers, and Finishers",detail,230,40.20%,0.027,0.34,$18.54 ,$20.36 ,"$42,350 ",7.70%
51-2028,"Electrical, Electronic, and Electromechanical Assemblers, Except Coil Winders, Tapers, and Finishers",detail,"11,780",5.40%,1.369,0.71,$14.56 ,$16.72 ,"$34,780 ",2.20%
51-2031,Engine and Other Machine Assemblers,detail,"1,040",7.30%,0.121,0.37,$17.67 ,$19.08 ,"$39,690 ",1.80%
51-2041,Structural Metal Fabricators and Fitters,detail,"2,250",9.40%,0.262,0.6,$18.45 ,$19.98 ,"$41,560 ",2.50%
51-2051,Fiberglass Laminators and Fabricators,detail,"3,140",6.50%,0.365,2.96,$17.77 ,$17.53 ,"$36,470 ",1.20%
51-2061,Timing Device Assemblers and Adjusters,detail,40,48.00%,0.005,1.16,$13.71 ,$13.20 ,"$27,460 ",6.60%
51-2090,Miscellaneous Assemblers and Fabricators,broad,"43,640",2.50%,5.072,0.54,$14.43 ,$15.97 ,"$33,220 ",0.70%
51-3011,Bakers,detail,"10,230",6.40%,1.188,0.92,$14.00 ,$14.56 ,"$30,280 ",1.30%
51-3021,Butchers and Meat Cutters,detail,"7,870",7.20%,0.915,0.88,$17.91 ,$17.39 ,"$36,180 ",1.70%
51-3022,"Meat, Poultry, and Fish Cutters and Trimmers",detail,"2,370",10.40%,0.276,0.29,$16.33 ,$15.49 ,"$32,220 ",1.90%
51-3023,Slaughterers and Meat Packers,detail,940,8.90%,0.109,0.18,$13.84 ,$12.60 ,"$26,210 ",0.90%
51-3091,"Food and Tobacco Roasting, Baking, and Drying Machine Operators and Tenders",detail,810,36.70%,0.095,0.63,$14.29 ,$17.44 ,"$36,280 ",15.40%
51-3092,Food Batchmakers,detail,"5,410",9.50%,0.629,0.57,$13.86 ,$15.50 ,"$32,230 ",3.50%
51-3093,Food Cooking Machine Operators and Tenders,detail,230,39.70%,0.027,0.14,$14.34 ,$15.64 ,"$32,530 ",1.90%
51-3099,"Food Processing Workers, All Other",detail,970,16.80%,0.113,0.34,$14.27 ,$15.22 ,"$31,650 ",3.70%
51-4021,"Extruding and Drawing Machine Setters, Operators, and Tenders, Metal and Plastic",detail,"1,040",11.40%,0.121,0.29,$17.64 ,$17.73 ,"$36,880 ",2.50%
51-4022,"Forging Machine Setters, Operators, and Tenders, Metal and Plastic",detail,370,19.70%,0.043,0.52,$17.90 ,$18.29 ,"$38,050 ",3.10%
51-4023,"Rolling Machine Setters, Operators, and Tenders, Metal and Plastic",detail,300,16.70%,0.035,0.16,$18.45 ,$18.65 ,"$38,790 ",2.30%
51-4031,"Cutting, Punching, and Press Machine Setters, Operators, and Tenders, Metal and Plastic",detail,"2,490",6.00%,0.29,0.23,$16.43 ,$16.71 ,"$34,750 ",0.90%
51-4032,"Drilling and Boring Machine Tool Setters, Operators, and Tenders, Metal and Plastic",detail,70,32.80%,0.008,0.16,$17.83 ,$18.69 ,"$38,880 ",6.40%
51-4033,"Grinding, Lapping, Polishing, and Buffing Machine Tool Setters, Operators, and Tenders, Metal and Plastic",detail,880,15.90%,0.102,0.21,$14.59 ,$16.15 ,"$33,580 ",3.50%
51-4034,"Lathe and Turning Machine Tool Setters, Operators, and Tenders, Metal and Plastic",detail,230,30.50%,0.027,0.19,$17.67 ,$18.14 ,"$37,720 ",5.90%
51-4035,"Milling and Planing Machine Setters, Operators, and Tenders, Metal and Plastic",detail,720,36.90%,0.084,0.79,$17.67 ,$18.92 ,"$39,350 ",6.60%
51-4041,Machinists,detail,"7,460",4.30%,0.867,0.37,$22.57 ,$22.14 ,"$46,040 ",0.90%
51-4051,Metal-Refining Furnace Operators and Tenders,detail,230,20.30%,0.027,0.25,$22.42 ,$23.27 ,"$48,400 ",3.60%
51-4061,"Model Makers, Metal and Plastic",detail,110,33.60%,0.013,0.48,$23.41 ,$24.05 ,"$50,020 ",2.70%
51-4071,Foundry Mold and Coremakers,detail,190,33.20%,0.023,0.23,$17.61 ,$17.62 ,"$36,640 ",12.90%
51-4072,"Molding, Coremaking, and Casting Machine Setters, Operators, and Tenders, Metal and Plastic",detail,"3,370",6.90%,0.392,0.34,$14.60 ,$16.57 ,"$34,460 ",1.10%
51-4081,"Multiple Machine Tool Setters, Operators, and Tenders, Metal and Plastic",detail,"2,140",9.50%,0.248,0.26,$17.48 ,$18.16 ,"$37,760 ",1.90%
51-4111,Tool and Die Makers,detail,630,8.70%,0.073,0.16,$23.24 ,$25.22 ,"$52,460 ",2.50%
51-4121,"Welders, Cutters, Solderers, and Brazers",detail,"13,960",4.00%,1.623,0.58,$21.28 ,$21.31 ,"$44,320 ",1.00%
51-4122,"Welding, Soldering, and Brazing Machine Setters, Operators, and Tenders",detail,630,15.90%,0.074,0.35,$17.80 ,$17.87 ,"$37,180 ",2.30%
51-4191,"Heat Treating Equipment Setters, Operators, and Tenders, Metal and Plastic",detail,220,12.90%,0.026,0.25,$17.72 ,$18.04 ,"$37,520 ",1.70%
51-4192,"Layout Workers, Metal and Plastic",detail,40,43.40%,0.005,0.1,$18.20 ,$20.97 ,"$43,610 ",15.50%
51-4193,"Plating Machine Setters, Operators, and Tenders, Metal and Plastic",detail,270,12.60%,0.031,0.14,$17.92 ,$18.13 ,"$37,720 ",2.20%
51-4194,"Tool Grinders, Filers, and Sharpeners",detail,170,45.30%,0.019,0.45,$17.50 ,$16.83 ,"$35,010 ",4.70%
51-4199,"Metal Workers and Plastic Workers, All Other",detail,-8,-8,-8,-8,$17.80 ,$18.95 ,"$39,420 ",2.30%
51-5111,Prepress Technicians and Workers,detail,"1,030",11.70%,0.12,0.65,$22.42 ,$21.59 ,"$44,900 ",4.20%
51-5112,Printing Press Operators,detail,"6,670",4.50%,0.775,0.75,$16.70 ,$17.49 ,"$36,370 ",1.50%
51-5113,Print Binding and Finishing Workers,detail,"1,710",9.00%,0.199,0.69,$17.48 ,$17.14 ,"$35,650 ",1.80%
51-6011,Laundry and Dry-Cleaning Workers,detail,"11,740",5.50%,1.364,1.22,$11.29 ,$12.13 ,"$25,230 ",0.90%
51-6021,"Pressers, Textile, Garment, and Related Materials",detail,"1,340",11.60%,0.155,0.81,$13.61 ,$12.65 ,"$26,310 ",1.90%
51-6031,Sewing Machine Operators,detail,"7,060",5.80%,0.821,0.99,$13.63 ,$13.46 ,"$28,000 ",1.20%
51-6041,Shoe and Leather Workers and Repairers,detail,240,46.10%,0.028,0.69,$15.24 ,$16.37 ,"$34,060 ",6.20%
51-6051,"Sewers, Hand",detail,280,38.80%,0.032,1.08,$10.72 ,$11.98 ,"$24,920 ",11.50%
51-6052,"Tailors, Dressmakers, and Custom Sewers",detail,820,26.70%,0.095,0.77,$14.85 ,$15.86 ,"$32,990 ",3.10%
51-6061,Textile Bleaching and Dyeing Machine Operators and Tenders,detail,170,12.70%,0.02,0.45,$11.21 ,$13.12 ,"$27,290 ",1.50%
51-6062,"Textile Cutting Machine Setters, Operators, and Tenders",detail,230,15.80%,0.027,0.32,$13.96 ,$14.81 ,"$30,800 ",2.30%
51-6063,"Textile Knitting and Weaving Machine Setters, Operators, and Tenders",detail,40,43.40%,0.005,0.04,$14.14 ,$14.52 ,"$30,200 ",6.00%
51-6064,"Textile Winding, Twisting, and Drawing Out Machine Setters, Operators, and Tenders",detail,-8,-8,-8,-8,$29.02 ,$26.69 ,"$55,520 ",23.60%
51-6092,Fabric and Apparel Patternmakers,detail,80,18.10%,0.01,0.42,$14.82 ,$19.28 ,"$40,110 ",6.70%
51-6093,Upholsterers,detail,"1,150",12.00%,0.134,0.67,$16.71 ,$17.16 ,"$35,680 ",3.30%
51-6099,"Textile, Apparel, and Furnishings Workers, All Other",detail,330,23.70%,0.038,0.42,$14.28 ,$16.17 ,"$33,620 ",8.80%
51-7011,Cabinetmakers and Bench Carpenters,detail,"4,120",7.40%,0.479,0.73,$18.11 ,$18.71 ,"$38,920 ",1.40%
51-7021,Furniture Finishers,detail,"1,060",12.50%,0.123,1.06,$18.55 ,$19.78 ,"$41,140 ",2.90%
51-7041,"Sawing Machine Setters, Operators, and Tenders, Wood",detail,"1,050",10.10%,0.123,0.38,$14.38 ,$16.08 ,"$33,450 ",1.90%
51-7042,"Woodworking Machine Setters, Operators, and Tenders, Except Sawing",detail,"1,390",12.50%,0.161,0.34,$14.38 ,$15.67 ,"$32,580 ",2.40%
51-7099,"Woodworkers, All Other",detail,110,23.50%,0.012,0.22,$14.52 ,$20.25 ,"$42,120 ",8.50%
51-8012,Power Distributors and Dispatchers,detail,210,5.90%,0.024,0.35,$39.16 ,$39.33 ,"$81,800 ",1.10%
51-8013,Power Plant Operators,detail,"1,230",11.20%,0.143,0.7,$37.03 ,$36.66 ,"$76,260 ",1.90%
51-8021,Stationary Engineers and Boiler Operators,detail,270,26.30%,0.032,0.15,$29.94 ,$29.21 ,"$60,750 ",1.50%
51-8031,Water and Wastewater Treatment Plant and System Operators,detail,"7,850",2.60%,0.912,1.06,$22.80 ,$23.15 ,"$48,150 ",0.60%
51-8091,Chemical Plant and System Operators,detail,510,13.60%,0.06,0.39,$29.40 ,$26.82 ,"$55,780 ",3.70%
51-8092,Gas Plant Operators,detail,790,26.20%,0.092,0.86,$22.92 ,$22.86 ,"$47,550 ",4.60%
51-8093,"Petroleum Pump System Operators, Refinery Operators, and Gaugers",detail,570,21.00%,0.067,0.28,$28.99 ,$28.25 ,"$58,760 ",5.40%
51-8099,"Plant and System Operators, All Other",detail,520,9.30%,0.061,0.55,$25.48 ,$28.33 ,"$58,930 ",3.40%
51-9011,Chemical Equipment Operators and Tenders,detail,"2,160",7.80%,0.251,0.33,$18.31 ,$20.58 ,"$42,810 ",2.60%
51-9012,"Separating, Filtering, Clarifying, Precipitating, and Still Machine Setters, Operators, and Tenders",detail,"1,120",9.40%,0.13,0.38,$18.43 ,$19.79 ,"$41,170 ",2.60%
51-9021,"Crushing, Grinding, and Polishing Machine Setters, Operators, and Tenders",detail,760,10.70%,0.088,0.39,$17.74 ,$18.04 ,"$37,520 ",2.50%
51-9022,"Grinding and Polishing Workers, Hand",detail,750,10.80%,0.088,0.79,$16.17 ,$16.15 ,"$33,600 ",1.60%
51-9023,"Mixing and Blending Machine Setters, Operators, and Tenders",detail,"3,250",9.60%,0.377,0.49,$17.66 ,$18.03 ,"$37,490 ",2.00%
51-9031,"Cutters and Trimmers, Hand",detail,160,21.60%,0.019,0.33,$15.06 ,$15.96 ,"$33,190 ",6.10%
51-9032,"Cutting and Slicing Machine Setters, Operators, and Tenders",detail,"2,050",11.80%,0.239,0.6,$17.92 ,$18.12 ,"$37,700 ",2.50%
51-9041,"Extruding, Forming, Pressing, and Compacting Machine Setters, Operators, and Tenders",detail,770,13.90%,0.089,0.22,$17.41 ,$17.22 ,"$35,820 ",2.00%
51-9051,"Furnace, Kiln, Oven, Drier, and Kettle Operators and Tenders",detail,220,30.30%,0.026,0.26,$15.17 ,$16.24 ,"$33,780 ",3.20%
51-9061,"Inspectors, Testers, Sorters, Samplers, and Weighers",detail,"18,000",3.30%,2.092,0.53,$18.13 ,$21.45 ,"$44,610 ",1.10%
51-9071,Jewelers and Precious Stone and Metal Workers,detail,"1,690",13.40%,0.196,1.13,$21.46 ,$20.93 ,"$43,520 ",6.00%
51-9081,Dental Laboratory Technicians,detail,"2,670",10.00%,0.31,1.28,$22.42 ,$23.26 ,"$48,390 ",3.60%
51-9082,Medical Appliance Technicians,detail,920,17.60%,0.106,0.98,$20.53 ,$21.71 ,"$45,160 ",4.00%
51-9083,Ophthalmic Laboratory Technicians,detail,"1,770",18.00%,0.205,1.53,$17.40 ,$16.96 ,"$35,270 ",2.60%
51-9111,Packaging and Filling Machine Operators and Tenders,detail,"13,480",4.20%,1.566,0.62,$14.00 ,$15.30 ,"$31,820 ",2.20%
51-9123,"Painting, Coating, and Decorating Workers",detail,480,17.00%,0.056,0.67,$14.75 ,$16.12 ,"$33,520 ",5.90%
51-9124,"Coating, Painting, and Spraying Machine Setters, Operators, and Tenders",detail,"5,800",5.00%,0.673,0.65,$18.09 ,$19.72 ,"$41,020 ",1.30%
51-9141,Semiconductor Processing Technicians,detail,140,19.40%,0.016,0.09,$18.09 ,$19.45 ,"$40,460 ",4.10%
51-9151,Photographic Process Workers and Processing Machine Operators,detail,200,21.60%,0.023,0.57,$14.65 ,$17.32 ,"$36,020 ",3.00%
51-9161,Computer Numerically Controlled Tool Operators,detail,"3,590",6.10%,0.417,0.37,$18.20 ,$19.49 ,"$40,540 ",1.90%
51-9162,Computer Numerically Controlled Tool Programmers,detail,750,8.80%,0.087,0.47,$29.22 ,$28.63 ,"$59,540 ",1.80%
51-9191,Adhesive Bonding Machine Operators and Tenders,detail,270,10.30%,0.032,0.36,$17.30 ,$17.51 ,"$36,420 ",2.10%
51-9192,"Cleaning, Washing, and Metal Pickling Equipment Operators and Tenders",detail,110,49.20%,0.013,0.13,$14.38 ,$15.11 ,"$31,420 ",1.00%
51-9193,Cooling and Freezing Equipment Operators and Tenders,detail,60,49.10%,0.007,0.13,$17.95 ,$17.78 ,"$36,980 ",4.30%
51-9194,Etchers and Engravers,detail,190,19.20%,0.023,0.45,$14.98 ,$16.10 ,"$33,480 ",3.00%
51-9195,"Molders, Shapers, and Casters, Except Metal and Plastic",detail,"2,150",15.40%,0.249,0.91,$17.47 ,$17.25 ,"$35,880 ",2.10%
51-9196,"Paper Goods Machine Setters, Operators, and Tenders",detail,"1,620",4.80%,0.188,0.3,$19.01 ,$21.66 ,"$45,050 ",1.50%
51-9198,Helpers--Production Workers,detail,"6,840",12.10%,0.794,0.55,$13.80 ,$14.06 ,"$29,230 ",2.70%
51-9199,"Production Workers, All Other",detail,"8,120",5.60%,0.944,0.65,$14.14 ,$15.68 ,"$32,610 ",1.90%
53-0000,Transportation and Material Moving Occupations,major,"720,860",0.80%,83.766,0.93,$14.98 ,$18.66 ,"$38,810 ",0.60%
53-1041,Aircraft Cargo Handling Supervisors,detail,990,12.20%,0.115,1.89,$23.73 ,$27.97 ,"$58,180 ",3.70%
53-1047,"First-Line Supervisors of Transportation and Material Moving Workers, Except Aircraft Cargo Handling Supervisors",detail,"31,340",2.20%,3.641,0.93,$23.73 ,$26.27 ,"$54,640 ",0.70%
53-2011,"Airline Pilots, Copilots, and Flight Engineers",detail,"6,400",8.40%,0.743,1.29,-4,-4,"$232,600 ",1.70%
53-2012,Commercial Pilots,detail,"5,190",9.70%,0.603,1.99,-4,-4,"$109,600 ",3.80%
53-2021,Air Traffic Controllers,detail,"2,080",2.30%,0.241,1.6,$58.51 ,$57.12 ,"$118,820 ",1.10%
53-2022,Airfield Operations Specialists,detail,"1,070",5.10%,0.125,1.39,$19.31 ,$21.30 ,"$44,310 ",1.40%
53-2031,Flight Attendants,detail,"11,020",1.20%,1.28,1.86,-4,-4,"$62,620 ",0.20%
53-3011,"Ambulance Drivers and Attendants, Except Emergency Medical Technicians",detail,620,36.00%,0.072,0.87,$14.04 ,$14.13 ,"$29,380 ",1.90%
53-3031,Driver/Sales Workers,detail,"35,070",9.00%,4.075,1.2,$11.33 ,$13.59 ,"$28,280 ",2.70%
53-3032,Heavy and Tractor-Trailer Truck Drivers,detail,"88,980",2.00%,10.339,0.77,$20.82 ,$21.62 ,"$44,980 ",0.80%
53-3033,Light Truck Drivers,detail,"59,380",2.70%,6.9,0.96,$17.64 ,$18.84 ,"$39,190 ",1.20%
53-3051,"Bus Drivers, School",detail,"14,520",1.50%,1.687,0.66,$14.94 ,$15.85 ,"$32,970 ",0.40%
53-3052,"Bus Drivers, Transit and Intercity",detail,"8,130",4.90%,0.944,0.91,$19.01 ,$20.76 ,"$43,190 ",1.30%
53-3053,Shuttle Drivers and Chauffeurs,detail,"10,390",5.90%,1.207,0.97,$13.63 ,$14.15 ,"$29,430 ",1.00%
53-3054,Taxi Drivers,detail,830,11.80%,0.096,0.97,$14.08 ,$14.44 ,"$30,040 ",2.70%
53-3099,"Motor Vehicle Operators, All Other",detail,"4,380",22.90%,0.509,1.47,$11.33 ,$12.72 ,"$26,470 ",6.40%
53-4011,Locomotive Engineers,detail,730,2.50%,0.085,0.31,$30.19 ,$30.59 ,"$63,620 ",0.40%
53-4013,"Rail Yard Engineers, Dinkey Operators, and Hostlers",detail,170,1.30%,0.019,0.61,$29.80 ,$30.09 ,"$62,590 ",0.20%
53-4022,"Railroad Brake, Signal, and Switch Operators and Locomotive Firers",detail,250,22.70%,0.029,0.25,$18.95 ,$25.99 ,"$54,060 ",9.20%
53-4031,Railroad Conductors and Yardmasters,detail,630,0.90%,0.073,0.21,$30.23 ,$32.83 ,"$68,280 ",0.30%
53-4041,Subway and Streetcar Operators,detail,140,1.10%,0.016,0.22,$30.64 ,$28.27 ,"$58,800 ",0.30%
53-4099,"Rail Transportation Workers, All Other",detail,-8,-8,-8,-8,$18.09 ,$20.51 ,"$42,660 ",18.90%
53-5011,Sailors and Marine Oilers,detail,"1,230",22.50%,0.143,0.76,$17.67 ,$18.69 ,"$38,880 ",5.50%
53-5021,"Captains, Mates, and Pilots of Water Vessels",detail,"3,300",10.50%,0.384,1.61,$29.22 ,$37.75 ,"$78,510 ",9.50%
53-5022,Motorboat Operators,detail,420,34.30%,0.049,2.51,$17.94 ,$19.03 ,"$39,580 ",9.70%
53-5031,Ship Engineers,detail,760,14.90%,0.089,1.64,$38.91 ,$40.69 ,"$84,620 ",1.70%
53-6011,Bridge and Lock Tenders,detail,"1,180",12.80%,0.137,4.79,$13.63 ,$15.21 ,"$31,640 ",0.90%
53-6021,Parking Attendants,detail,"9,840",13.10%,1.144,1.77,$10.94 ,$11.60 ,"$24,130 ",2.50%
53-6031,Automotive and Watercraft Service Attendants,detail,"5,140",8.70%,0.597,0.75,$13.78 ,$14.22 ,"$29,570 ",1.40%
53-6032,Aircraft Service Attendants,detail,"1,280",38.00%,0.149,1.72,$17.06 ,$16.63 ,"$34,590 ",2.80%
53-6041,Traffic Technicians,detail,950,11.30%,0.11,2,$23.14 ,$24.32 ,"$50,580 ",2.20%
53-6051,Transportation Inspectors,detail,"1,280",9.50%,0.149,0.84,$36.83 ,$39.37 ,"$81,890 ",3.80%
53-6061,Passenger Attendants,detail,"1,720",46.00%,0.2,1.33,$21.85 ,$19.46 ,"$40,470 ",9.70%
53-6099,"Transportation Workers, All Other",detail,790,20.00%,0.092,0.94,$14.82 ,$16.81 ,"$34,970 ",6.80%
53-7011,Conveyor Operators and Tenders,detail,"1,280",6.30%,0.149,0.73,$14.15 ,$15.83 ,"$32,920 ",1.00%
53-7021,Crane and Tower Operators,detail,"3,100",12.90%,0.36,1.17,$30.47 ,$30.10 ,"$62,610 ",3.20%
53-7031,Dredge Operators,detail,190,26.50%,0.022,1.86,$18.47 ,$21.97 ,"$45,710 ",6.10%
53-7041,Hoist and Winch Operators,detail,50,38.60%,0.006,0.34,$22.62 ,$24.74 ,"$51,460 ",16.20%
53-7051,Industrial Truck and Tractor Operators,detail,"37,240",2.50%,4.327,0.8,$18.41 ,$19.30 ,"$40,150 ",0.60%
53-7061,Cleaners of Vehicles and Equipment,detail,"21,260",2.70%,2.471,0.99,$13.31 ,$13.36 ,"$27,780 ",0.90%
53-7062,"Laborers and Freight, Stock, and Material Movers, Hand",detail,"120,910",1.90%,14.05,0.73,$14.39 ,$15.63 ,"$32,520 ",0.50%
53-7063,Machine Feeders and Offbearers,detail,"3,860",3.10%,0.448,1.04,$18.01 ,$17.57 ,"$36,550 ",1.00%
53-7064,"Packers and Packagers, Hand",detail,"31,950",4.00%,3.712,0.89,$11.24 ,$12.24 ,"$25,450 ",0.80%
53-7065,Stockers and Order Fillers,detail,"177,600",1.40%,20.638,1.19,$14.22 ,$14.99 ,"$31,170 ",0.40%
53-7071,Gas Compressor and Gas Pumping Station Operators,detail,100,34.30%,0.012,0.56,$29.79 ,$29.44 ,"$61,230 ",7.10%
53-7072,"Pump Operators, Except Wellhead Pumpers",detail,"1,030",22.10%,0.119,1.59,$21.76 ,$21.64 ,"$45,000 ",3.90%
53-7081,Refuse and Recyclable Material Collectors,detail,"10,520",5.00%,1.222,1.37,$18.74 ,$20.16 ,"$41,930 ",1.20%
53-7121,"Tank Car, Truck, and Ship Loaders",detail,40,28.00%,0.005,0.06,$23.36 ,$28.63 ,"$59,560 ",9.80%
53-7199,"Material Moving Workers, All Other",detail,"1,410",21.10%,0.164,1.03,$17.48 ,$20.36 ,"$42,350 ",12.30%
